https://www.labanquepostale.fr/,Xiti,https://logs.xiti.com/hit.xiti?s=388889&idclient=170025195642193505&s2=1&p=particuliers::accueil_PARTICULIERS&hl=19x56x42&vrn=1&ac=&an=&lng=en-US&idp=1956428991574&jv=0&re=1920x1080&vtag=44007&hl=19x56x42&r=1024x768x32x32&ref=,s,388889
https://www.labanquepostale.fr/,Xiti,https://logs.xiti.com/hit.xiti?s=388889&idclient=170025195642193505&s2=1&p=particuliers::accueil_PARTICULIERS&hl=19x56x42&vrn=1&ac=&an=&lng=en-US&idp=1956428991574&jv=0&re=1920x1080&vtag=44007&hl=19x56x42&r=1024x768x32x32&ref=,idclient,170025195642193505
https://www.labanquepostale.fr/,Xiti,https://logs.xiti.com/hit.xiti?s=388889&idclient=170025195642193505&s2=1&p=particuliers::accueil_PARTICULIERS&hl=19x56x42&vrn=1&ac=&an=&lng=en-US&idp=1956428991574&jv=0&re=1920x1080&vtag=44007&hl=19x56x42&r=1024x768x32x32&ref=,s2,1
https://www.labanquepostale.fr/,Xiti,https://logs.xiti.com/hit.xiti?s=388889&idclient=170025195642193505&s2=1&p=particuliers::accueil_PARTICULIERS&hl=19x56x42&vrn=1&ac=&an=&lng=en-US&idp=1956428991574&jv=0&re=1920x1080&vtag=44007&hl=19x56x42&r=1024x768x32x32&ref=,p,particuliers::accueil_PARTICULIERS
https://www.labanquepostale.fr/,Xiti,https://logs.xiti.com/hit.xiti?s=388889&idclient=170025195642193505&s2=1&p=particuliers::accueil_PARTICULIERS&hl=19x56x42&vrn=1&ac=&an=&lng=en-US&idp=1956428991574&jv=0&re=1920x1080&vtag=44007&hl=19x56x42&r=1024x768x32x32&ref=,hl,19x56x42
https://www.labanquepostale.fr/,Xiti,https://logs.xiti.com/hit.xiti?s=388889&idclient=170025195642193505&s2=1&p=particuliers::accueil_PARTICULIERS&hl=19x56x42&vrn=1&ac=&an=&lng=en-US&idp=1956428991574&jv=0&re=1920x1080&vtag=44007&hl=19x56x42&r=1024x768x32x32&ref=,vrn,1
https://www.labanquepostale.fr/,Xiti,https://logs.xiti.com/hit.xiti?s=388889&idclient=170025195642193505&s2=1&p=particuliers::accueil_PARTICULIERS&hl=19x56x42&vrn=1&ac=&an=&lng=en-US&idp=1956428991574&jv=0&re=1920x1080&vtag=44007&hl=19x56x42&r=1024x768x32x32&ref=,ac,
https://www.labanquepostale.fr/,Xiti,https://logs.xiti.com/hit.xiti?s=388889&idclient=170025195642193505&s2=1&p=particuliers::accueil_PARTICULIERS&hl=19x56x42&vrn=1&ac=&an=&lng=en-US&idp=1956428991574&jv=0&re=1920x1080&vtag=44007&hl=19x56x42&r=1024x768x32x32&ref=,an,
https://www.labanquepostale.fr/,Xiti,https://logs.xiti.com/hit.xiti?s=388889&idclient=170025195642193505&s2=1&p=particuliers::accueil_PARTICULIERS&hl=19x56x42&vrn=1&ac=&an=&lng=en-US&idp=1956428991574&jv=0&re=1920x1080&vtag=44007&hl=19x56x42&r=1024x768x32x32&ref=,lng,en-US
https://www.labanquepostale.fr/,Xiti,https://logs.xiti.com/hit.xiti?s=388889&idclient=170025195642193505&s2=1&p=particuliers::accueil_PARTICULIERS&hl=19x56x42&vrn=1&ac=&an=&lng=en-US&idp=1956428991574&jv=0&re=1920x1080&vtag=44007&hl=19x56x42&r=1024x768x32x32&ref=,idp,1956428991574
https://www.labanquepostale.fr/,Xiti,https://logs.xiti.com/hit.xiti?s=388889&idclient=170025195642193505&s2=1&p=particuliers::accueil_PARTICULIERS&hl=19x56x42&vrn=1&ac=&an=&lng=en-US&idp=1956428991574&jv=0&re=1920x1080&vtag=44007&hl=19x56x42&r=1024x768x32x32&ref=,jv,0
https://www.labanquepostale.fr/,Xiti,https://logs.xiti.com/hit.xiti?s=388889&idclient=170025195642193505&s2=1&p=particuliers::accueil_PARTICULIERS&hl=19x56x42&vrn=1&ac=&an=&lng=en-US&idp=1956428991574&jv=0&re=1920x1080&vtag=44007&hl=19x56x42&r=1024x768x32x32&ref=,re,1920x1080
https://www.labanquepostale.fr/,Xiti,https://logs.xiti.com/hit.xiti?s=388889&idclient=170025195642193505&s2=1&p=particuliers::accueil_PARTICULIERS&hl=19x56x42&vrn=1&ac=&an=&lng=en-US&idp=1956428991574&jv=0&re=1920x1080&vtag=44007&hl=19x56x42&r=1024x768x32x32&ref=,vtag,44007
https://www.labanquepostale.fr/,Xiti,https://logs.xiti.com/hit.xiti?s=388889&idclient=170025195642193505&s2=1&p=particuliers::accueil_PARTICULIERS&hl=19x56x42&vrn=1&ac=&an=&lng=en-US&idp=1956428991574&jv=0&re=1920x1080&vtag=44007&hl=19x56x42&r=1024x768x32x32&ref=,r,1024x768x32x32
https://www.labanquepostale.fr/,Xiti,https://logs.xiti.com/hit.xiti?s=388889&idclient=170025195642193505&s2=1&p=particuliers::accueil_PARTICULIERS&hl=19x56x42&vrn=1&ac=&an=&lng=en-US&idp=1956428991574&jv=0&re=1920x1080&vtag=44007&hl=19x56x42&r=1024x768x32x32&ref=,ref,
https://www.labanquepostale.fr/,1000mercis,https://mmtro.com/p?tagid=6545227-27ab63cf40b61ceb2e41f503aeaf4393&vck=1&r1=fb67750d-2591-41ab-880a-d84d40021cd3&vruid=fb67750d-2591-41ab-880a-d84d40021cd3&rtgxiti_xtpage=particuliers%3A%3Aaccueil_PARTICULIERS&u=https%3A%2F%2Fwww.labanquepostale.fr%2F&rnd=1810755717,tagid,6545227-27ab63cf40b61ceb2e41f503aeaf4393
https://www.labanquepostale.fr/,1000mercis,https://mmtro.com/p?tagid=6545227-27ab63cf40b61ceb2e41f503aeaf4393&vck=1&r1=fb67750d-2591-41ab-880a-d84d40021cd3&vruid=fb67750d-2591-41ab-880a-d84d40021cd3&rtgxiti_xtpage=particuliers%3A%3Aaccueil_PARTICULIERS&u=https%3A%2F%2Fwww.labanquepostale.fr%2F&rnd=1810755717,vck,1
https://www.labanquepostale.fr/,1000mercis,https://mmtro.com/p?tagid=6545227-27ab63cf40b61ceb2e41f503aeaf4393&vck=1&r1=fb67750d-2591-41ab-880a-d84d40021cd3&vruid=fb67750d-2591-41ab-880a-d84d40021cd3&rtgxiti_xtpage=particuliers%3A%3Aaccueil_PARTICULIERS&u=https%3A%2F%2Fwww.labanquepostale.fr%2F&rnd=1810755717,r1,fb67750d-2591-41ab-880a-d84d40021cd3
https://www.labanquepostale.fr/,1000mercis,https://mmtro.com/p?tagid=6545227-27ab63cf40b61ceb2e41f503aeaf4393&vck=1&r1=fb67750d-2591-41ab-880a-d84d40021cd3&vruid=fb67750d-2591-41ab-880a-d84d40021cd3&rtgxiti_xtpage=particuliers%3A%3Aaccueil_PARTICULIERS&u=https%3A%2F%2Fwww.labanquepostale.fr%2F&rnd=1810755717,vruid,fb67750d-2591-41ab-880a-d84d40021cd3
https://www.labanquepostale.fr/,1000mercis,https://mmtro.com/p?tagid=6545227-27ab63cf40b61ceb2e41f503aeaf4393&vck=1&r1=fb67750d-2591-41ab-880a-d84d40021cd3&vruid=fb67750d-2591-41ab-880a-d84d40021cd3&rtgxiti_xtpage=particuliers%3A%3Aaccueil_PARTICULIERS&u=https%3A%2F%2Fwww.labanquepostale.fr%2F&rnd=1810755717,rtgxiti_xtpage,particuliers%3A%3Aaccueil_PARTICULIERS
https://www.labanquepostale.fr/,1000mercis,https://mmtro.com/p?tagid=6545227-27ab63cf40b61ceb2e41f503aeaf4393&vck=1&r1=fb67750d-2591-41ab-880a-d84d40021cd3&vruid=fb67750d-2591-41ab-880a-d84d40021cd3&rtgxiti_xtpage=particuliers%3A%3Aaccueil_PARTICULIERS&u=https%3A%2F%2Fwww.labanquepostale.fr%2F&rnd=1810755717,u,https%3A%2F%2Fwww.labanquepostale.fr%2F
https://www.labanquepostale.fr/,1000mercis,https://mmtro.com/p?tagid=6545227-27ab63cf40b61ceb2e41f503aeaf4393&vck=1&r1=fb67750d-2591-41ab-880a-d84d40021cd3&vruid=fb67750d-2591-41ab-880a-d84d40021cd3&rtgxiti_xtpage=particuliers%3A%3Aaccueil_PARTICULIERS&u=https%3A%2F%2Fwww.labanquepostale.fr%2F&rnd=1810755717,rnd,1810755717
https://www.labanquepostale.fr/portail.entreprises.html,Xiti,https://logs.xiti.com/hit.xiti?s=388889&idclient=170025195642193505&s2=1&p=particuliers::accueil_ENTREPRISES&hl=19x56x45&ac=&an=&lng=en-US&idp=1956458066023&jv=0&re=1920x1080&vtag=44007&hl=19x56x45&r=1024x768x32x32&ref=,s,388889
https://www.labanquepostale.fr/portail.entreprises.html,Xiti,https://logs.xiti.com/hit.xiti?s=388889&idclient=170025195642193505&s2=1&p=particuliers::accueil_ENTREPRISES&hl=19x56x45&ac=&an=&lng=en-US&idp=1956458066023&jv=0&re=1920x1080&vtag=44007&hl=19x56x45&r=1024x768x32x32&ref=,idclient,170025195642193505
https://www.labanquepostale.fr/portail.entreprises.html,Xiti,https://logs.xiti.com/hit.xiti?s=388889&idclient=170025195642193505&s2=1&p=particuliers::accueil_ENTREPRISES&hl=19x56x45&ac=&an=&lng=en-US&idp=1956458066023&jv=0&re=1920x1080&vtag=44007&hl=19x56x45&r=1024x768x32x32&ref=,s2,1
https://www.labanquepostale.fr/portail.entreprises.html,Xiti,https://logs.xiti.com/hit.xiti?s=388889&idclient=170025195642193505&s2=1&p=particuliers::accueil_ENTREPRISES&hl=19x56x45&ac=&an=&lng=en-US&idp=1956458066023&jv=0&re=1920x1080&vtag=44007&hl=19x56x45&r=1024x768x32x32&ref=,p,particuliers::accueil_ENTREPRISES
https://www.labanquepostale.fr/portail.entreprises.html,Xiti,https://logs.xiti.com/hit.xiti?s=388889&idclient=170025195642193505&s2=1&p=particuliers::accueil_ENTREPRISES&hl=19x56x45&ac=&an=&lng=en-US&idp=1956458066023&jv=0&re=1920x1080&vtag=44007&hl=19x56x45&r=1024x768x32x32&ref=,hl,19x56x45
https://www.labanquepostale.fr/portail.entreprises.html,Xiti,https://logs.xiti.com/hit.xiti?s=388889&idclient=170025195642193505&s2=1&p=particuliers::accueil_ENTREPRISES&hl=19x56x45&ac=&an=&lng=en-US&idp=1956458066023&jv=0&re=1920x1080&vtag=44007&hl=19x56x45&r=1024x768x32x32&ref=,ac,
https://www.labanquepostale.fr/portail.entreprises.html,Xiti,https://logs.xiti.com/hit.xiti?s=388889&idclient=170025195642193505&s2=1&p=particuliers::accueil_ENTREPRISES&hl=19x56x45&ac=&an=&lng=en-US&idp=1956458066023&jv=0&re=1920x1080&vtag=44007&hl=19x56x45&r=1024x768x32x32&ref=,an,
https://www.labanquepostale.fr/portail.entreprises.html,Xiti,https://logs.xiti.com/hit.xiti?s=388889&idclient=170025195642193505&s2=1&p=particuliers::accueil_ENTREPRISES&hl=19x56x45&ac=&an=&lng=en-US&idp=1956458066023&jv=0&re=1920x1080&vtag=44007&hl=19x56x45&r=1024x768x32x32&ref=,lng,en-US
https://www.labanquepostale.fr/portail.entreprises.html,Xiti,https://logs.xiti.com/hit.xiti?s=388889&idclient=170025195642193505&s2=1&p=particuliers::accueil_ENTREPRISES&hl=19x56x45&ac=&an=&lng=en-US&idp=1956458066023&jv=0&re=1920x1080&vtag=44007&hl=19x56x45&r=1024x768x32x32&ref=,idp,1956458066023
https://www.labanquepostale.fr/portail.entreprises.html,Xiti,https://logs.xiti.com/hit.xiti?s=388889&idclient=170025195642193505&s2=1&p=particuliers::accueil_ENTREPRISES&hl=19x56x45&ac=&an=&lng=en-US&idp=1956458066023&jv=0&re=1920x1080&vtag=44007&hl=19x56x45&r=1024x768x32x32&ref=,jv,0
https://www.labanquepostale.fr/portail.entreprises.html,Xiti,https://logs.xiti.com/hit.xiti?s=388889&idclient=170025195642193505&s2=1&p=particuliers::accueil_ENTREPRISES&hl=19x56x45&ac=&an=&lng=en-US&idp=1956458066023&jv=0&re=1920x1080&vtag=44007&hl=19x56x45&r=1024x768x32x32&ref=,re,1920x1080
https://www.labanquepostale.fr/portail.entreprises.html,Xiti,https://logs.xiti.com/hit.xiti?s=388889&idclient=170025195642193505&s2=1&p=particuliers::accueil_ENTREPRISES&hl=19x56x45&ac=&an=&lng=en-US&idp=1956458066023&jv=0&re=1920x1080&vtag=44007&hl=19x56x45&r=1024x768x32x32&ref=,vtag,44007
https://www.labanquepostale.fr/portail.entreprises.html,Xiti,https://logs.xiti.com/hit.xiti?s=388889&idclient=170025195642193505&s2=1&p=particuliers::accueil_ENTREPRISES&hl=19x56x45&ac=&an=&lng=en-US&idp=1956458066023&jv=0&re=1920x1080&vtag=44007&hl=19x56x45&r=1024x768x32x32&ref=,r,1024x768x32x32
https://www.labanquepostale.fr/portail.entreprises.html,Xiti,https://logs.xiti.com/hit.xiti?s=388889&idclient=170025195642193505&s2=1&p=particuliers::accueil_ENTREPRISES&hl=19x56x45&ac=&an=&lng=en-US&idp=1956458066023&jv=0&re=1920x1080&vtag=44007&hl=19x56x45&r=1024x768x32x32&ref=,ref,
https://www.labanquepostale.fr/portail.entreprises.html,GA,https://ssl.google-analytics.com/__utm.gif?utmwv=5.6.7&utms=2&utmn=2108374511&utmhn=www.labanquepostale.fr&utmcs=UTF-8&utmsr=1024x768&utmvp=1920x1080&utmsc=32-bit&utmul=en-us&utmje=0&utmfl=-&utmdt=Banque%20-%20banque%20en%20ligne%20-%20La%20Banque%20Postale%20%E2%80%93%20La%20Banque%20Postale&utmhid=2012176332&utmr=-&utmp=%2Fportail.entreprises.html&utmht=1485370605579&utmac=UA-9562247-1&utmcc=__utma%3D103110173.2073395333.1485370603.1485370603.1485370603.1%3B%2B__utmz%3D103110173.1485370603.1.1.utmcsr%3D(direct)%7Cutmccn%3D(direct)%7Cutmcmd%3D(none)%3B&utmjid=&utmu=qAAAAAAAAAAAAAAAAAAAAAAE~,utmwv,5.6.7
https://www.labanquepostale.fr/portail.entreprises.html,GA,https://ssl.google-analytics.com/__utm.gif?utmwv=5.6.7&utms=2&utmn=2108374511&utmhn=www.labanquepostale.fr&utmcs=UTF-8&utmsr=1024x768&utmvp=1920x1080&utmsc=32-bit&utmul=en-us&utmje=0&utmfl=-&utmdt=Banque%20-%20banque%20en%20ligne%20-%20La%20Banque%20Postale%20%E2%80%93%20La%20Banque%20Postale&utmhid=2012176332&utmr=-&utmp=%2Fportail.entreprises.html&utmht=1485370605579&utmac=UA-9562247-1&utmcc=__utma%3D103110173.2073395333.1485370603.1485370603.1485370603.1%3B%2B__utmz%3D103110173.1485370603.1.1.utmcsr%3D(direct)%7Cutmccn%3D(direct)%7Cutmcmd%3D(none)%3B&utmjid=&utmu=qAAAAAAAAAAAAAAAAAAAAAAE~,utms,2
https://www.labanquepostale.fr/portail.entreprises.html,GA,https://ssl.google-analytics.com/__utm.gif?utmwv=5.6.7&utms=2&utmn=2108374511&utmhn=www.labanquepostale.fr&utmcs=UTF-8&utmsr=1024x768&utmvp=1920x1080&utmsc=32-bit&utmul=en-us&utmje=0&utmfl=-&utmdt=Banque%20-%20banque%20en%20ligne%20-%20La%20Banque%20Postale%20%E2%80%93%20La%20Banque%20Postale&utmhid=2012176332&utmr=-&utmp=%2Fportail.entreprises.html&utmht=1485370605579&utmac=UA-9562247-1&utmcc=__utma%3D103110173.2073395333.1485370603.1485370603.1485370603.1%3B%2B__utmz%3D103110173.1485370603.1.1.utmcsr%3D(direct)%7Cutmccn%3D(direct)%7Cutmcmd%3D(none)%3B&utmjid=&utmu=qAAAAAAAAAAAAAAAAAAAAAAE~,utmn,2108374511
https://www.labanquepostale.fr/portail.entreprises.html,GA,https://ssl.google-analytics.com/__utm.gif?utmwv=5.6.7&utms=2&utmn=2108374511&utmhn=www.labanquepostale.fr&utmcs=UTF-8&utmsr=1024x768&utmvp=1920x1080&utmsc=32-bit&utmul=en-us&utmje=0&utmfl=-&utmdt=Banque%20-%20banque%20en%20ligne%20-%20La%20Banque%20Postale%20%E2%80%93%20La%20Banque%20Postale&utmhid=2012176332&utmr=-&utmp=%2Fportail.entreprises.html&utmht=1485370605579&utmac=UA-9562247-1&utmcc=__utma%3D103110173.2073395333.1485370603.1485370603.1485370603.1%3B%2B__utmz%3D103110173.1485370603.1.1.utmcsr%3D(direct)%7Cutmccn%3D(direct)%7Cutmcmd%3D(none)%3B&utmjid=&utmu=qAAAAAAAAAAAAAAAAAAAAAAE~,utmhn,www.labanquepostale.fr
https://www.labanquepostale.fr/portail.entreprises.html,GA,https://ssl.google-analytics.com/__utm.gif?utmwv=5.6.7&utms=2&utmn=2108374511&utmhn=www.labanquepostale.fr&utmcs=UTF-8&utmsr=1024x768&utmvp=1920x1080&utmsc=32-bit&utmul=en-us&utmje=0&utmfl=-&utmdt=Banque%20-%20banque%20en%20ligne%20-%20La%20Banque%20Postale%20%E2%80%93%20La%20Banque%20Postale&utmhid=2012176332&utmr=-&utmp=%2Fportail.entreprises.html&utmht=1485370605579&utmac=UA-9562247-1&utmcc=__utma%3D103110173.2073395333.1485370603.1485370603.1485370603.1%3B%2B__utmz%3D103110173.1485370603.1.1.utmcsr%3D(direct)%7Cutmccn%3D(direct)%7Cutmcmd%3D(none)%3B&utmjid=&utmu=qAAAAAAAAAAAAAAAAAAAAAAE~,utmcs,UTF-8
https://www.labanquepostale.fr/portail.entreprises.html,GA,https://ssl.google-analytics.com/__utm.gif?utmwv=5.6.7&utms=2&utmn=2108374511&utmhn=www.labanquepostale.fr&utmcs=UTF-8&utmsr=1024x768&utmvp=1920x1080&utmsc=32-bit&utmul=en-us&utmje=0&utmfl=-&utmdt=Banque%20-%20banque%20en%20ligne%20-%20La%20Banque%20Postale%20%E2%80%93%20La%20Banque%20Postale&utmhid=2012176332&utmr=-&utmp=%2Fportail.entreprises.html&utmht=1485370605579&utmac=UA-9562247-1&utmcc=__utma%3D103110173.2073395333.1485370603.1485370603.1485370603.1%3B%2B__utmz%3D103110173.1485370603.1.1.utmcsr%3D(direct)%7Cutmccn%3D(direct)%7Cutmcmd%3D(none)%3B&utmjid=&utmu=qAAAAAAAAAAAAAAAAAAAAAAE~,utmsr,1024x768
https://www.labanquepostale.fr/portail.entreprises.html,GA,https://ssl.google-analytics.com/__utm.gif?utmwv=5.6.7&utms=2&utmn=2108374511&utmhn=www.labanquepostale.fr&utmcs=UTF-8&utmsr=1024x768&utmvp=1920x1080&utmsc=32-bit&utmul=en-us&utmje=0&utmfl=-&utmdt=Banque%20-%20banque%20en%20ligne%20-%20La%20Banque%20Postale%20%E2%80%93%20La%20Banque%20Postale&utmhid=2012176332&utmr=-&utmp=%2Fportail.entreprises.html&utmht=1485370605579&utmac=UA-9562247-1&utmcc=__utma%3D103110173.2073395333.1485370603.1485370603.1485370603.1%3B%2B__utmz%3D103110173.1485370603.1.1.utmcsr%3D(direct)%7Cutmccn%3D(direct)%7Cutmcmd%3D(none)%3B&utmjid=&utmu=qAAAAAAAAAAAAAAAAAAAAAAE~,utmvp,1920x1080
https://www.labanquepostale.fr/portail.entreprises.html,GA,https://ssl.google-analytics.com/__utm.gif?utmwv=5.6.7&utms=2&utmn=2108374511&utmhn=www.labanquepostale.fr&utmcs=UTF-8&utmsr=1024x768&utmvp=1920x1080&utmsc=32-bit&utmul=en-us&utmje=0&utmfl=-&utmdt=Banque%20-%20banque%20en%20ligne%20-%20La%20Banque%20Postale%20%E2%80%93%20La%20Banque%20Postale&utmhid=2012176332&utmr=-&utmp=%2Fportail.entreprises.html&utmht=1485370605579&utmac=UA-9562247-1&utmcc=__utma%3D103110173.2073395333.1485370603.1485370603.1485370603.1%3B%2B__utmz%3D103110173.1485370603.1.1.utmcsr%3D(direct)%7Cutmccn%3D(direct)%7Cutmcmd%3D(none)%3B&utmjid=&utmu=qAAAAAAAAAAAAAAAAAAAAAAE~,utmsc,32-bit
https://www.labanquepostale.fr/portail.entreprises.html,GA,https://ssl.google-analytics.com/__utm.gif?utmwv=5.6.7&utms=2&utmn=2108374511&utmhn=www.labanquepostale.fr&utmcs=UTF-8&utmsr=1024x768&utmvp=1920x1080&utmsc=32-bit&utmul=en-us&utmje=0&utmfl=-&utmdt=Banque%20-%20banque%20en%20ligne%20-%20La%20Banque%20Postale%20%E2%80%93%20La%20Banque%20Postale&utmhid=2012176332&utmr=-&utmp=%2Fportail.entreprises.html&utmht=1485370605579&utmac=UA-9562247-1&utmcc=__utma%3D103110173.2073395333.1485370603.1485370603.1485370603.1%3B%2B__utmz%3D103110173.1485370603.1.1.utmcsr%3D(direct)%7Cutmccn%3D(direct)%7Cutmcmd%3D(none)%3B&utmjid=&utmu=qAAAAAAAAAAAAAAAAAAAAAAE~,utmul,en-us
https://www.labanquepostale.fr/portail.entreprises.html,GA,https://ssl.google-analytics.com/__utm.gif?utmwv=5.6.7&utms=2&utmn=2108374511&utmhn=www.labanquepostale.fr&utmcs=UTF-8&utmsr=1024x768&utmvp=1920x1080&utmsc=32-bit&utmul=en-us&utmje=0&utmfl=-&utmdt=Banque%20-%20banque%20en%20ligne%20-%20La%20Banque%20Postale%20%E2%80%93%20La%20Banque%20Postale&utmhid=2012176332&utmr=-&utmp=%2Fportail.entreprises.html&utmht=1485370605579&utmac=UA-9562247-1&utmcc=__utma%3D103110173.2073395333.1485370603.1485370603.1485370603.1%3B%2B__utmz%3D103110173.1485370603.1.1.utmcsr%3D(direct)%7Cutmccn%3D(direct)%7Cutmcmd%3D(none)%3B&utmjid=&utmu=qAAAAAAAAAAAAAAAAAAAAAAE~,utmje,0
https://www.labanquepostale.fr/portail.entreprises.html,GA,https://ssl.google-analytics.com/__utm.gif?utmwv=5.6.7&utms=2&utmn=2108374511&utmhn=www.labanquepostale.fr&utmcs=UTF-8&utmsr=1024x768&utmvp=1920x1080&utmsc=32-bit&utmul=en-us&utmje=0&utmfl=-&utmdt=Banque%20-%20banque%20en%20ligne%20-%20La%20Banque%20Postale%20%E2%80%93%20La%20Banque%20Postale&utmhid=2012176332&utmr=-&utmp=%2Fportail.entreprises.html&utmht=1485370605579&utmac=UA-9562247-1&utmcc=__utma%3D103110173.2073395333.1485370603.1485370603.1485370603.1%3B%2B__utmz%3D103110173.1485370603.1.1.utmcsr%3D(direct)%7Cutmccn%3D(direct)%7Cutmcmd%3D(none)%3B&utmjid=&utmu=qAAAAAAAAAAAAAAAAAAAAAAE~,utmfl,-
https://www.labanquepostale.fr/portail.entreprises.html,GA,https://ssl.google-analytics.com/__utm.gif?utmwv=5.6.7&utms=2&utmn=2108374511&utmhn=www.labanquepostale.fr&utmcs=UTF-8&utmsr=1024x768&utmvp=1920x1080&utmsc=32-bit&utmul=en-us&utmje=0&utmfl=-&utmdt=Banque%20-%20banque%20en%20ligne%20-%20La%20Banque%20Postale%20%E2%80%93%20La%20Banque%20Postale&utmhid=2012176332&utmr=-&utmp=%2Fportail.entreprises.html&utmht=1485370605579&utmac=UA-9562247-1&utmcc=__utma%3D103110173.2073395333.1485370603.1485370603.1485370603.1%3B%2B__utmz%3D103110173.1485370603.1.1.utmcsr%3D(direct)%7Cutmccn%3D(direct)%7Cutmcmd%3D(none)%3B&utmjid=&utmu=qAAAAAAAAAAAAAAAAAAAAAAE~,utmdt,Banque%20-%20banque%20en%20ligne%20-%20La%20Banque%20Postale%20%E2%80%93%20La%20Banque%20Postale
https://www.labanquepostale.fr/portail.entreprises.html,GA,https://ssl.google-analytics.com/__utm.gif?utmwv=5.6.7&utms=2&utmn=2108374511&utmhn=www.labanquepostale.fr&utmcs=UTF-8&utmsr=1024x768&utmvp=1920x1080&utmsc=32-bit&utmul=en-us&utmje=0&utmfl=-&utmdt=Banque%20-%20banque%20en%20ligne%20-%20La%20Banque%20Postale%20%E2%80%93%20La%20Banque%20Postale&utmhid=2012176332&utmr=-&utmp=%2Fportail.entreprises.html&utmht=1485370605579&utmac=UA-9562247-1&utmcc=__utma%3D103110173.2073395333.1485370603.1485370603.1485370603.1%3B%2B__utmz%3D103110173.1485370603.1.1.utmcsr%3D(direct)%7Cutmccn%3D(direct)%7Cutmcmd%3D(none)%3B&utmjid=&utmu=qAAAAAAAAAAAAAAAAAAAAAAE~,utmhid,2012176332
https://www.labanquepostale.fr/portail.entreprises.html,GA,https://ssl.google-analytics.com/__utm.gif?utmwv=5.6.7&utms=2&utmn=2108374511&utmhn=www.labanquepostale.fr&utmcs=UTF-8&utmsr=1024x768&utmvp=1920x1080&utmsc=32-bit&utmul=en-us&utmje=0&utmfl=-&utmdt=Banque%20-%20banque%20en%20ligne%20-%20La%20Banque%20Postale%20%E2%80%93%20La%20Banque%20Postale&utmhid=2012176332&utmr=-&utmp=%2Fportail.entreprises.html&utmht=1485370605579&utmac=UA-9562247-1&utmcc=__utma%3D103110173.2073395333.1485370603.1485370603.1485370603.1%3B%2B__utmz%3D103110173.1485370603.1.1.utmcsr%3D(direct)%7Cutmccn%3D(direct)%7Cutmcmd%3D(none)%3B&utmjid=&utmu=qAAAAAAAAAAAAAAAAAAAAAAE~,utmr,-
https://www.labanquepostale.fr/portail.entreprises.html,GA,https://ssl.google-analytics.com/__utm.gif?utmwv=5.6.7&utms=2&utmn=2108374511&utmhn=www.labanquepostale.fr&utmcs=UTF-8&utmsr=1024x768&utmvp=1920x1080&utmsc=32-bit&utmul=en-us&utmje=0&utmfl=-&utmdt=Banque%20-%20banque%20en%20ligne%20-%20La%20Banque%20Postale%20%E2%80%93%20La%20Banque%20Postale&utmhid=2012176332&utmr=-&utmp=%2Fportail.entreprises.html&utmht=1485370605579&utmac=UA-9562247-1&utmcc=__utma%3D103110173.2073395333.1485370603.1485370603.1485370603.1%3B%2B__utmz%3D103110173.1485370603.1.1.utmcsr%3D(direct)%7Cutmccn%3D(direct)%7Cutmcmd%3D(none)%3B&utmjid=&utmu=qAAAAAAAAAAAAAAAAAAAAAAE~,utmp,%2Fportail.entreprises.html
https://www.labanquepostale.fr/portail.entreprises.html,GA,https://ssl.google-analytics.com/__utm.gif?utmwv=5.6.7&utms=2&utmn=2108374511&utmhn=www.labanquepostale.fr&utmcs=UTF-8&utmsr=1024x768&utmvp=1920x1080&utmsc=32-bit&utmul=en-us&utmje=0&utmfl=-&utmdt=Banque%20-%20banque%20en%20ligne%20-%20La%20Banque%20Postale%20%E2%80%93%20La%20Banque%20Postale&utmhid=2012176332&utmr=-&utmp=%2Fportail.entreprises.html&utmht=1485370605579&utmac=UA-9562247-1&utmcc=__utma%3D103110173.2073395333.1485370603.1485370603.1485370603.1%3B%2B__utmz%3D103110173.1485370603.1.1.utmcsr%3D(direct)%7Cutmccn%3D(direct)%7Cutmcmd%3D(none)%3B&utmjid=&utmu=qAAAAAAAAAAAAAAAAAAAAAAE~,utmht,1485370605579
https://www.labanquepostale.fr/portail.entreprises.html,GA,https://ssl.google-analytics.com/__utm.gif?utmwv=5.6.7&utms=2&utmn=2108374511&utmhn=www.labanquepostale.fr&utmcs=UTF-8&utmsr=1024x768&utmvp=1920x1080&utmsc=32-bit&utmul=en-us&utmje=0&utmfl=-&utmdt=Banque%20-%20banque%20en%20ligne%20-%20La%20Banque%20Postale%20%E2%80%93%20La%20Banque%20Postale&utmhid=2012176332&utmr=-&utmp=%2Fportail.entreprises.html&utmht=1485370605579&utmac=UA-9562247-1&utmcc=__utma%3D103110173.2073395333.1485370603.1485370603.1485370603.1%3B%2B__utmz%3D103110173.1485370603.1.1.utmcsr%3D(direct)%7Cutmccn%3D(direct)%7Cutmcmd%3D(none)%3B&utmjid=&utmu=qAAAAAAAAAAAAAAAAAAAAAAE~,utmac,UA-9562247-1
https://www.labanquepostale.fr/portail.entreprises.html,GA,https://ssl.google-analytics.com/__utm.gif?utmwv=5.6.7&utms=2&utmn=2108374511&utmhn=www.labanquepostale.fr&utmcs=UTF-8&utmsr=1024x768&utmvp=1920x1080&utmsc=32-bit&utmul=en-us&utmje=0&utmfl=-&utmdt=Banque%20-%20banque%20en%20ligne%20-%20La%20Banque%20Postale%20%E2%80%93%20La%20Banque%20Postale&utmhid=2012176332&utmr=-&utmp=%2Fportail.entreprises.html&utmht=1485370605579&utmac=UA-9562247-1&utmcc=__utma%3D103110173.2073395333.1485370603.1485370603.1485370603.1%3B%2B__utmz%3D103110173.1485370603.1.1.utmcsr%3D(direct)%7Cutmccn%3D(direct)%7Cutmcmd%3D(none)%3B&utmjid=&utmu=qAAAAAAAAAAAAAAAAAAAAAAE~,utmcc,__utma%3D103110173.2073395333.1485370603.1485370603.1485370603.1%3B%2B__utmz%3D103110173.1485370603.1.1.utmcsr%3D(direct)%7Cutmccn%3D(direct)%7Cutmcmd%3D(none)%3B
https://www.labanquepostale.fr/portail.entreprises.html,GA,https://ssl.google-analytics.com/__utm.gif?utmwv=5.6.7&utms=2&utmn=2108374511&utmhn=www.labanquepostale.fr&utmcs=UTF-8&utmsr=1024x768&utmvp=1920x1080&utmsc=32-bit&utmul=en-us&utmje=0&utmfl=-&utmdt=Banque%20-%20banque%20en%20ligne%20-%20La%20Banque%20Postale%20%E2%80%93%20La%20Banque%20Postale&utmhid=2012176332&utmr=-&utmp=%2Fportail.entreprises.html&utmht=1485370605579&utmac=UA-9562247-1&utmcc=__utma%3D103110173.2073395333.1485370603.1485370603.1485370603.1%3B%2B__utmz%3D103110173.1485370603.1.1.utmcsr%3D(direct)%7Cutmccn%3D(direct)%7Cutmcmd%3D(none)%3B&utmjid=&utmu=qAAAAAAAAAAAAAAAAAAAAAAE~,utmjid,
https://www.labanquepostale.fr/portail.entreprises.html,GA,https://ssl.google-analytics.com/__utm.gif?utmwv=5.6.7&utms=2&utmn=2108374511&utmhn=www.labanquepostale.fr&utmcs=UTF-8&utmsr=1024x768&utmvp=1920x1080&utmsc=32-bit&utmul=en-us&utmje=0&utmfl=-&utmdt=Banque%20-%20banque%20en%20ligne%20-%20La%20Banque%20Postale%20%E2%80%93%20La%20Banque%20Postale&utmhid=2012176332&utmr=-&utmp=%2Fportail.entreprises.html&utmht=1485370605579&utmac=UA-9562247-1&utmcc=__utma%3D103110173.2073395333.1485370603.1485370603.1485370603.1%3B%2B__utmz%3D103110173.1485370603.1.1.utmcsr%3D(direct)%7Cutmccn%3D(direct)%7Cutmcmd%3D(none)%3B&utmjid=&utmu=qAAAAAAAAAAAAAAAAAAAAAAE~,utmu,qAAAAAAAAAAAAAAAAAAAAAAE~
https://www.labanquepostale.fr/portail.entreprises.html,1000mercis,https://mmtro.com/p?tagid=6545227-27ab63cf40b61ceb2e41f503aeaf4393&vck=1&r1=fb67750d-2591-41ab-880a-d84d40021cd3&vruid=fb67750d-2591-41ab-880a-d84d40021cd3&rtgxiti_xtpage=particuliers%3A%3Aaccueil_ENTREPRISES&u=https%3A%2F%2Fwww.labanquepostale.fr%2Fportail.entreprises.html&rnd=1840726904,tagid,6545227-27ab63cf40b61ceb2e41f503aeaf4393
https://www.labanquepostale.fr/portail.entreprises.html,1000mercis,https://mmtro.com/p?tagid=6545227-27ab63cf40b61ceb2e41f503aeaf4393&vck=1&r1=fb67750d-2591-41ab-880a-d84d40021cd3&vruid=fb67750d-2591-41ab-880a-d84d40021cd3&rtgxiti_xtpage=particuliers%3A%3Aaccueil_ENTREPRISES&u=https%3A%2F%2Fwww.labanquepostale.fr%2Fportail.entreprises.html&rnd=1840726904,vck,1
https://www.labanquepostale.fr/portail.entreprises.html,1000mercis,https://mmtro.com/p?tagid=6545227-27ab63cf40b61ceb2e41f503aeaf4393&vck=1&r1=fb67750d-2591-41ab-880a-d84d40021cd3&vruid=fb67750d-2591-41ab-880a-d84d40021cd3&rtgxiti_xtpage=particuliers%3A%3Aaccueil_ENTREPRISES&u=https%3A%2F%2Fwww.labanquepostale.fr%2Fportail.entreprises.html&rnd=1840726904,r1,fb67750d-2591-41ab-880a-d84d40021cd3
https://www.labanquepostale.fr/portail.entreprises.html,1000mercis,https://mmtro.com/p?tagid=6545227-27ab63cf40b61ceb2e41f503aeaf4393&vck=1&r1=fb67750d-2591-41ab-880a-d84d40021cd3&vruid=fb67750d-2591-41ab-880a-d84d40021cd3&rtgxiti_xtpage=particuliers%3A%3Aaccueil_ENTREPRISES&u=https%3A%2F%2Fwww.labanquepostale.fr%2Fportail.entreprises.html&rnd=1840726904,vruid,fb67750d-2591-41ab-880a-d84d40021cd3
https://www.labanquepostale.fr/portail.entreprises.html,1000mercis,https://mmtro.com/p?tagid=6545227-27ab63cf40b61ceb2e41f503aeaf4393&vck=1&r1=fb67750d-2591-41ab-880a-d84d40021cd3&vruid=fb67750d-2591-41ab-880a-d84d40021cd3&rtgxiti_xtpage=particuliers%3A%3Aaccueil_ENTREPRISES&u=https%3A%2F%2Fwww.labanquepostale.fr%2Fportail.entreprises.html&rnd=1840726904,rtgxiti_xtpage,particuliers%3A%3Aaccueil_ENTREPRISES
https://www.labanquepostale.fr/portail.entreprises.html,1000mercis,https://mmtro.com/p?tagid=6545227-27ab63cf40b61ceb2e41f503aeaf4393&vck=1&r1=fb67750d-2591-41ab-880a-d84d40021cd3&vruid=fb67750d-2591-41ab-880a-d84d40021cd3&rtgxiti_xtpage=particuliers%3A%3Aaccueil_ENTREPRISES&u=https%3A%2F%2Fwww.labanquepostale.fr%2Fportail.entreprises.html&rnd=1840726904,u,https%3A%2F%2Fwww.labanquepostale.fr%2Fportail.entreprises.html
https://www.labanquepostale.fr/portail.entreprises.html,1000mercis,https://mmtro.com/p?tagid=6545227-27ab63cf40b61ceb2e41f503aeaf4393&vck=1&r1=fb67750d-2591-41ab-880a-d84d40021cd3&vruid=fb67750d-2591-41ab-880a-d84d40021cd3&rtgxiti_xtpage=particuliers%3A%3Aaccueil_ENTREPRISES&u=https%3A%2F%2Fwww.labanquepostale.fr%2Fportail.entreprises.html&rnd=1840726904,rnd,1840726904
https://www.labanquepostale.fr/portail.professionnels.html,Xiti,https://logs.xiti.com/hit.xiti?s=388889&idclient=170025195642193505&s2=1&p=particuliers::accueil_PROFESSIONNELS&hl=19x56x47&ac=&an=&lng=en-US&idp=195647156534&jv=0&re=1920x1080&vtag=44007&hl=19x56x47&r=1024x768x32x32&ref=,s,388889
https://www.labanquepostale.fr/portail.professionnels.html,Xiti,https://logs.xiti.com/hit.xiti?s=388889&idclient=170025195642193505&s2=1&p=particuliers::accueil_PROFESSIONNELS&hl=19x56x47&ac=&an=&lng=en-US&idp=195647156534&jv=0&re=1920x1080&vtag=44007&hl=19x56x47&r=1024x768x32x32&ref=,idclient,170025195642193505
https://www.labanquepostale.fr/portail.professionnels.html,Xiti,https://logs.xiti.com/hit.xiti?s=388889&idclient=170025195642193505&s2=1&p=particuliers::accueil_PROFESSIONNELS&hl=19x56x47&ac=&an=&lng=en-US&idp=195647156534&jv=0&re=1920x1080&vtag=44007&hl=19x56x47&r=1024x768x32x32&ref=,s2,1
https://www.labanquepostale.fr/portail.professionnels.html,Xiti,https://logs.xiti.com/hit.xiti?s=388889&idclient=170025195642193505&s2=1&p=particuliers::accueil_PROFESSIONNELS&hl=19x56x47&ac=&an=&lng=en-US&idp=195647156534&jv=0&re=1920x1080&vtag=44007&hl=19x56x47&r=1024x768x32x32&ref=,p,particuliers::accueil_PROFESSIONNELS
https://www.labanquepostale.fr/portail.professionnels.html,Xiti,https://logs.xiti.com/hit.xiti?s=388889&idclient=170025195642193505&s2=1&p=particuliers::accueil_PROFESSIONNELS&hl=19x56x47&ac=&an=&lng=en-US&idp=195647156534&jv=0&re=1920x1080&vtag=44007&hl=19x56x47&r=1024x768x32x32&ref=,hl,19x56x47
https://www.labanquepostale.fr/portail.professionnels.html,Xiti,https://logs.xiti.com/hit.xiti?s=388889&idclient=170025195642193505&s2=1&p=particuliers::accueil_PROFESSIONNELS&hl=19x56x47&ac=&an=&lng=en-US&idp=195647156534&jv=0&re=1920x1080&vtag=44007&hl=19x56x47&r=1024x768x32x32&ref=,ac,
https://www.labanquepostale.fr/portail.professionnels.html,Xiti,https://logs.xiti.com/hit.xiti?s=388889&idclient=170025195642193505&s2=1&p=particuliers::accueil_PROFESSIONNELS&hl=19x56x47&ac=&an=&lng=en-US&idp=195647156534&jv=0&re=1920x1080&vtag=44007&hl=19x56x47&r=1024x768x32x32&ref=,an,
https://www.labanquepostale.fr/portail.professionnels.html,Xiti,https://logs.xiti.com/hit.xiti?s=388889&idclient=170025195642193505&s2=1&p=particuliers::accueil_PROFESSIONNELS&hl=19x56x47&ac=&an=&lng=en-US&idp=195647156534&jv=0&re=1920x1080&vtag=44007&hl=19x56x47&r=1024x768x32x32&ref=,lng,en-US
https://www.labanquepostale.fr/portail.professionnels.html,Xiti,https://logs.xiti.com/hit.xiti?s=388889&idclient=170025195642193505&s2=1&p=particuliers::accueil_PROFESSIONNELS&hl=19x56x47&ac=&an=&lng=en-US&idp=195647156534&jv=0&re=1920x1080&vtag=44007&hl=19x56x47&r=1024x768x32x32&ref=,idp,195647156534
https://www.labanquepostale.fr/portail.professionnels.html,Xiti,https://logs.xiti.com/hit.xiti?s=388889&idclient=170025195642193505&s2=1&p=particuliers::accueil_PROFESSIONNELS&hl=19x56x47&ac=&an=&lng=en-US&idp=195647156534&jv=0&re=1920x1080&vtag=44007&hl=19x56x47&r=1024x768x32x32&ref=,jv,0
https://www.labanquepostale.fr/portail.professionnels.html,Xiti,https://logs.xiti.com/hit.xiti?s=388889&idclient=170025195642193505&s2=1&p=particuliers::accueil_PROFESSIONNELS&hl=19x56x47&ac=&an=&lng=en-US&idp=195647156534&jv=0&re=1920x1080&vtag=44007&hl=19x56x47&r=1024x768x32x32&ref=,re,1920x1080
https://www.labanquepostale.fr/portail.professionnels.html,Xiti,https://logs.xiti.com/hit.xiti?s=388889&idclient=170025195642193505&s2=1&p=particuliers::accueil_PROFESSIONNELS&hl=19x56x47&ac=&an=&lng=en-US&idp=195647156534&jv=0&re=1920x1080&vtag=44007&hl=19x56x47&r=1024x768x32x32&ref=,vtag,44007
https://www.labanquepostale.fr/portail.professionnels.html,Xiti,https://logs.xiti.com/hit.xiti?s=388889&idclient=170025195642193505&s2=1&p=particuliers::accueil_PROFESSIONNELS&hl=19x56x47&ac=&an=&lng=en-US&idp=195647156534&jv=0&re=1920x1080&vtag=44007&hl=19x56x47&r=1024x768x32x32&ref=,r,1024x768x32x32
https://www.labanquepostale.fr/portail.professionnels.html,Xiti,https://logs.xiti.com/hit.xiti?s=388889&idclient=170025195642193505&s2=1&p=particuliers::accueil_PROFESSIONNELS&hl=19x56x47&ac=&an=&lng=en-US&idp=195647156534&jv=0&re=1920x1080&vtag=44007&hl=19x56x47&r=1024x768x32x32&ref=,ref,
https://www.labanquepostale.fr/portail.professionnels.html,GA,https://ssl.google-analytics.com/__utm.gif?utmwv=5.6.7&utms=3&utmn=355174790&utmhn=www.labanquepostale.fr&utmcs=UTF-8&utmsr=1024x768&utmvp=1920x1080&utmsc=32-bit&utmul=en-us&utmje=0&utmfl=-&utmdt=Banque%20-%20banque%20en%20ligne%20-%20La%20Banque%20Postale%20%E2%80%93%20La%20Banque%20Postale&utmhid=1898077735&utmr=-&utmp=%2Fportail.professionnels.html&utmht=1485370607286&utmac=UA-9562247-1&utmcc=__utma%3D103110173.2073395333.1485370603.1485370603.1485370603.1%3B%2B__utmz%3D103110173.1485370603.1.1.utmcsr%3D(direct)%7Cutmccn%3D(direct)%7Cutmcmd%3D(none)%3B&utmjid=&utmu=qAAAAAAAAAAAAAAAAAAAAAAE~,utmwv,5.6.7
https://www.labanquepostale.fr/portail.professionnels.html,GA,https://ssl.google-analytics.com/__utm.gif?utmwv=5.6.7&utms=3&utmn=355174790&utmhn=www.labanquepostale.fr&utmcs=UTF-8&utmsr=1024x768&utmvp=1920x1080&utmsc=32-bit&utmul=en-us&utmje=0&utmfl=-&utmdt=Banque%20-%20banque%20en%20ligne%20-%20La%20Banque%20Postale%20%E2%80%93%20La%20Banque%20Postale&utmhid=1898077735&utmr=-&utmp=%2Fportail.professionnels.html&utmht=1485370607286&utmac=UA-9562247-1&utmcc=__utma%3D103110173.2073395333.1485370603.1485370603.1485370603.1%3B%2B__utmz%3D103110173.1485370603.1.1.utmcsr%3D(direct)%7Cutmccn%3D(direct)%7Cutmcmd%3D(none)%3B&utmjid=&utmu=qAAAAAAAAAAAAAAAAAAAAAAE~,utms,3
https://www.labanquepostale.fr/portail.professionnels.html,GA,https://ssl.google-analytics.com/__utm.gif?utmwv=5.6.7&utms=3&utmn=355174790&utmhn=www.labanquepostale.fr&utmcs=UTF-8&utmsr=1024x768&utmvp=1920x1080&utmsc=32-bit&utmul=en-us&utmje=0&utmfl=-&utmdt=Banque%20-%20banque%20en%20ligne%20-%20La%20Banque%20Postale%20%E2%80%93%20La%20Banque%20Postale&utmhid=1898077735&utmr=-&utmp=%2Fportail.professionnels.html&utmht=1485370607286&utmac=UA-9562247-1&utmcc=__utma%3D103110173.2073395333.1485370603.1485370603.1485370603.1%3B%2B__utmz%3D103110173.1485370603.1.1.utmcsr%3D(direct)%7Cutmccn%3D(direct)%7Cutmcmd%3D(none)%3B&utmjid=&utmu=qAAAAAAAAAAAAAAAAAAAAAAE~,utmn,355174790
https://www.labanquepostale.fr/portail.professionnels.html,GA,https://ssl.google-analytics.com/__utm.gif?utmwv=5.6.7&utms=3&utmn=355174790&utmhn=www.labanquepostale.fr&utmcs=UTF-8&utmsr=1024x768&utmvp=1920x1080&utmsc=32-bit&utmul=en-us&utmje=0&utmfl=-&utmdt=Banque%20-%20banque%20en%20ligne%20-%20La%20Banque%20Postale%20%E2%80%93%20La%20Banque%20Postale&utmhid=1898077735&utmr=-&utmp=%2Fportail.professionnels.html&utmht=1485370607286&utmac=UA-9562247-1&utmcc=__utma%3D103110173.2073395333.1485370603.1485370603.1485370603.1%3B%2B__utmz%3D103110173.1485370603.1.1.utmcsr%3D(direct)%7Cutmccn%3D(direct)%7Cutmcmd%3D(none)%3B&utmjid=&utmu=qAAAAAAAAAAAAAAAAAAAAAAE~,utmhn,www.labanquepostale.fr
https://www.labanquepostale.fr/portail.professionnels.html,GA,https://ssl.google-analytics.com/__utm.gif?utmwv=5.6.7&utms=3&utmn=355174790&utmhn=www.labanquepostale.fr&utmcs=UTF-8&utmsr=1024x768&utmvp=1920x1080&utmsc=32-bit&utmul=en-us&utmje=0&utmfl=-&utmdt=Banque%20-%20banque%20en%20ligne%20-%20La%20Banque%20Postale%20%E2%80%93%20La%20Banque%20Postale&utmhid=1898077735&utmr=-&utmp=%2Fportail.professionnels.html&utmht=1485370607286&utmac=UA-9562247-1&utmcc=__utma%3D103110173.2073395333.1485370603.1485370603.1485370603.1%3B%2B__utmz%3D103110173.1485370603.1.1.utmcsr%3D(direct)%7Cutmccn%3D(direct)%7Cutmcmd%3D(none)%3B&utmjid=&utmu=qAAAAAAAAAAAAAAAAAAAAAAE~,utmcs,UTF-8
https://www.labanquepostale.fr/portail.professionnels.html,GA,https://ssl.google-analytics.com/__utm.gif?utmwv=5.6.7&utms=3&utmn=355174790&utmhn=www.labanquepostale.fr&utmcs=UTF-8&utmsr=1024x768&utmvp=1920x1080&utmsc=32-bit&utmul=en-us&utmje=0&utmfl=-&utmdt=Banque%20-%20banque%20en%20ligne%20-%20La%20Banque%20Postale%20%E2%80%93%20La%20Banque%20Postale&utmhid=1898077735&utmr=-&utmp=%2Fportail.professionnels.html&utmht=1485370607286&utmac=UA-9562247-1&utmcc=__utma%3D103110173.2073395333.1485370603.1485370603.1485370603.1%3B%2B__utmz%3D103110173.1485370603.1.1.utmcsr%3D(direct)%7Cutmccn%3D(direct)%7Cutmcmd%3D(none)%3B&utmjid=&utmu=qAAAAAAAAAAAAAAAAAAAAAAE~,utmsr,1024x768
https://www.labanquepostale.fr/portail.professionnels.html,GA,https://ssl.google-analytics.com/__utm.gif?utmwv=5.6.7&utms=3&utmn=355174790&utmhn=www.labanquepostale.fr&utmcs=UTF-8&utmsr=1024x768&utmvp=1920x1080&utmsc=32-bit&utmul=en-us&utmje=0&utmfl=-&utmdt=Banque%20-%20banque%20en%20ligne%20-%20La%20Banque%20Postale%20%E2%80%93%20La%20Banque%20Postale&utmhid=1898077735&utmr=-&utmp=%2Fportail.professionnels.html&utmht=1485370607286&utmac=UA-9562247-1&utmcc=__utma%3D103110173.2073395333.1485370603.1485370603.1485370603.1%3B%2B__utmz%3D103110173.1485370603.1.1.utmcsr%3D(direct)%7Cutmccn%3D(direct)%7Cutmcmd%3D(none)%3B&utmjid=&utmu=qAAAAAAAAAAAAAAAAAAAAAAE~,utmvp,1920x1080
https://www.labanquepostale.fr/portail.professionnels.html,GA,https://ssl.google-analytics.com/__utm.gif?utmwv=5.6.7&utms=3&utmn=355174790&utmhn=www.labanquepostale.fr&utmcs=UTF-8&utmsr=1024x768&utmvp=1920x1080&utmsc=32-bit&utmul=en-us&utmje=0&utmfl=-&utmdt=Banque%20-%20banque%20en%20ligne%20-%20La%20Banque%20Postale%20%E2%80%93%20La%20Banque%20Postale&utmhid=1898077735&utmr=-&utmp=%2Fportail.professionnels.html&utmht=1485370607286&utmac=UA-9562247-1&utmcc=__utma%3D103110173.2073395333.1485370603.1485370603.1485370603.1%3B%2B__utmz%3D103110173.1485370603.1.1.utmcsr%3D(direct)%7Cutmccn%3D(direct)%7Cutmcmd%3D(none)%3B&utmjid=&utmu=qAAAAAAAAAAAAAAAAAAAAAAE~,utmsc,32-bit
https://www.labanquepostale.fr/portail.professionnels.html,GA,https://ssl.google-analytics.com/__utm.gif?utmwv=5.6.7&utms=3&utmn=355174790&utmhn=www.labanquepostale.fr&utmcs=UTF-8&utmsr=1024x768&utmvp=1920x1080&utmsc=32-bit&utmul=en-us&utmje=0&utmfl=-&utmdt=Banque%20-%20banque%20en%20ligne%20-%20La%20Banque%20Postale%20%E2%80%93%20La%20Banque%20Postale&utmhid=1898077735&utmr=-&utmp=%2Fportail.professionnels.html&utmht=1485370607286&utmac=UA-9562247-1&utmcc=__utma%3D103110173.2073395333.1485370603.1485370603.1485370603.1%3B%2B__utmz%3D103110173.1485370603.1.1.utmcsr%3D(direct)%7Cutmccn%3D(direct)%7Cutmcmd%3D(none)%3B&utmjid=&utmu=qAAAAAAAAAAAAAAAAAAAAAAE~,utmul,en-us
https://www.labanquepostale.fr/portail.professionnels.html,GA,https://ssl.google-analytics.com/__utm.gif?utmwv=5.6.7&utms=3&utmn=355174790&utmhn=www.labanquepostale.fr&utmcs=UTF-8&utmsr=1024x768&utmvp=1920x1080&utmsc=32-bit&utmul=en-us&utmje=0&utmfl=-&utmdt=Banque%20-%20banque%20en%20ligne%20-%20La%20Banque%20Postale%20%E2%80%93%20La%20Banque%20Postale&utmhid=1898077735&utmr=-&utmp=%2Fportail.professionnels.html&utmht=1485370607286&utmac=UA-9562247-1&utmcc=__utma%3D103110173.2073395333.1485370603.1485370603.1485370603.1%3B%2B__utmz%3D103110173.1485370603.1.1.utmcsr%3D(direct)%7Cutmccn%3D(direct)%7Cutmcmd%3D(none)%3B&utmjid=&utmu=qAAAAAAAAAAAAAAAAAAAAAAE~,utmje,0
https://www.labanquepostale.fr/portail.professionnels.html,GA,https://ssl.google-analytics.com/__utm.gif?utmwv=5.6.7&utms=3&utmn=355174790&utmhn=www.labanquepostale.fr&utmcs=UTF-8&utmsr=1024x768&utmvp=1920x1080&utmsc=32-bit&utmul=en-us&utmje=0&utmfl=-&utmdt=Banque%20-%20banque%20en%20ligne%20-%20La%20Banque%20Postale%20%E2%80%93%20La%20Banque%20Postale&utmhid=1898077735&utmr=-&utmp=%2Fportail.professionnels.html&utmht=1485370607286&utmac=UA-9562247-1&utmcc=__utma%3D103110173.2073395333.1485370603.1485370603.1485370603.1%3B%2B__utmz%3D103110173.1485370603.1.1.utmcsr%3D(direct)%7Cutmccn%3D(direct)%7Cutmcmd%3D(none)%3B&utmjid=&utmu=qAAAAAAAAAAAAAAAAAAAAAAE~,utmfl,-
https://www.labanquepostale.fr/portail.professionnels.html,GA,https://ssl.google-analytics.com/__utm.gif?utmwv=5.6.7&utms=3&utmn=355174790&utmhn=www.labanquepostale.fr&utmcs=UTF-8&utmsr=1024x768&utmvp=1920x1080&utmsc=32-bit&utmul=en-us&utmje=0&utmfl=-&utmdt=Banque%20-%20banque%20en%20ligne%20-%20La%20Banque%20Postale%20%E2%80%93%20La%20Banque%20Postale&utmhid=1898077735&utmr=-&utmp=%2Fportail.professionnels.html&utmht=1485370607286&utmac=UA-9562247-1&utmcc=__utma%3D103110173.2073395333.1485370603.1485370603.1485370603.1%3B%2B__utmz%3D103110173.1485370603.1.1.utmcsr%3D(direct)%7Cutmccn%3D(direct)%7Cutmcmd%3D(none)%3B&utmjid=&utmu=qAAAAAAAAAAAAAAAAAAAAAAE~,utmdt,Banque%20-%20banque%20en%20ligne%20-%20La%20Banque%20Postale%20%E2%80%93%20La%20Banque%20Postale
https://www.labanquepostale.fr/portail.professionnels.html,GA,https://ssl.google-analytics.com/__utm.gif?utmwv=5.6.7&utms=3&utmn=355174790&utmhn=www.labanquepostale.fr&utmcs=UTF-8&utmsr=1024x768&utmvp=1920x1080&utmsc=32-bit&utmul=en-us&utmje=0&utmfl=-&utmdt=Banque%20-%20banque%20en%20ligne%20-%20La%20Banque%20Postale%20%E2%80%93%20La%20Banque%20Postale&utmhid=1898077735&utmr=-&utmp=%2Fportail.professionnels.html&utmht=1485370607286&utmac=UA-9562247-1&utmcc=__utma%3D103110173.2073395333.1485370603.1485370603.1485370603.1%3B%2B__utmz%3D103110173.1485370603.1.1.utmcsr%3D(direct)%7Cutmccn%3D(direct)%7Cutmcmd%3D(none)%3B&utmjid=&utmu=qAAAAAAAAAAAAAAAAAAAAAAE~,utmhid,1898077735
https://www.labanquepostale.fr/portail.professionnels.html,GA,https://ssl.google-analytics.com/__utm.gif?utmwv=5.6.7&utms=3&utmn=355174790&utmhn=www.labanquepostale.fr&utmcs=UTF-8&utmsr=1024x768&utmvp=1920x1080&utmsc=32-bit&utmul=en-us&utmje=0&utmfl=-&utmdt=Banque%20-%20banque%20en%20ligne%20-%20La%20Banque%20Postale%20%E2%80%93%20La%20Banque%20Postale&utmhid=1898077735&utmr=-&utmp=%2Fportail.professionnels.html&utmht=1485370607286&utmac=UA-9562247-1&utmcc=__utma%3D103110173.2073395333.1485370603.1485370603.1485370603.1%3B%2B__utmz%3D103110173.1485370603.1.1.utmcsr%3D(direct)%7Cutmccn%3D(direct)%7Cutmcmd%3D(none)%3B&utmjid=&utmu=qAAAAAAAAAAAAAAAAAAAAAAE~,utmr,-
https://www.labanquepostale.fr/portail.professionnels.html,GA,https://ssl.google-analytics.com/__utm.gif?utmwv=5.6.7&utms=3&utmn=355174790&utmhn=www.labanquepostale.fr&utmcs=UTF-8&utmsr=1024x768&utmvp=1920x1080&utmsc=32-bit&utmul=en-us&utmje=0&utmfl=-&utmdt=Banque%20-%20banque%20en%20ligne%20-%20La%20Banque%20Postale%20%E2%80%93%20La%20Banque%20Postale&utmhid=1898077735&utmr=-&utmp=%2Fportail.professionnels.html&utmht=1485370607286&utmac=UA-9562247-1&utmcc=__utma%3D103110173.2073395333.1485370603.1485370603.1485370603.1%3B%2B__utmz%3D103110173.1485370603.1.1.utmcsr%3D(direct)%7Cutmccn%3D(direct)%7Cutmcmd%3D(none)%3B&utmjid=&utmu=qAAAAAAAAAAAAAAAAAAAAAAE~,utmp,%2Fportail.professionnels.html
https://www.labanquepostale.fr/portail.professionnels.html,GA,https://ssl.google-analytics.com/__utm.gif?utmwv=5.6.7&utms=3&utmn=355174790&utmhn=www.labanquepostale.fr&utmcs=UTF-8&utmsr=1024x768&utmvp=1920x1080&utmsc=32-bit&utmul=en-us&utmje=0&utmfl=-&utmdt=Banque%20-%20banque%20en%20ligne%20-%20La%20Banque%20Postale%20%E2%80%93%20La%20Banque%20Postale&utmhid=1898077735&utmr=-&utmp=%2Fportail.professionnels.html&utmht=1485370607286&utmac=UA-9562247-1&utmcc=__utma%3D103110173.2073395333.1485370603.1485370603.1485370603.1%3B%2B__utmz%3D103110173.1485370603.1.1.utmcsr%3D(direct)%7Cutmccn%3D(direct)%7Cutmcmd%3D(none)%3B&utmjid=&utmu=qAAAAAAAAAAAAAAAAAAAAAAE~,utmht,1485370607286
https://www.labanquepostale.fr/portail.professionnels.html,GA,https://ssl.google-analytics.com/__utm.gif?utmwv=5.6.7&utms=3&utmn=355174790&utmhn=www.labanquepostale.fr&utmcs=UTF-8&utmsr=1024x768&utmvp=1920x1080&utmsc=32-bit&utmul=en-us&utmje=0&utmfl=-&utmdt=Banque%20-%20banque%20en%20ligne%20-%20La%20Banque%20Postale%20%E2%80%93%20La%20Banque%20Postale&utmhid=1898077735&utmr=-&utmp=%2Fportail.professionnels.html&utmht=1485370607286&utmac=UA-9562247-1&utmcc=__utma%3D103110173.2073395333.1485370603.1485370603.1485370603.1%3B%2B__utmz%3D103110173.1485370603.1.1.utmcsr%3D(direct)%7Cutmccn%3D(direct)%7Cutmcmd%3D(none)%3B&utmjid=&utmu=qAAAAAAAAAAAAAAAAAAAAAAE~,utmac,UA-9562247-1
https://www.labanquepostale.fr/portail.professionnels.html,GA,https://ssl.google-analytics.com/__utm.gif?utmwv=5.6.7&utms=3&utmn=355174790&utmhn=www.labanquepostale.fr&utmcs=UTF-8&utmsr=1024x768&utmvp=1920x1080&utmsc=32-bit&utmul=en-us&utmje=0&utmfl=-&utmdt=Banque%20-%20banque%20en%20ligne%20-%20La%20Banque%20Postale%20%E2%80%93%20La%20Banque%20Postale&utmhid=1898077735&utmr=-&utmp=%2Fportail.professionnels.html&utmht=1485370607286&utmac=UA-9562247-1&utmcc=__utma%3D103110173.2073395333.1485370603.1485370603.1485370603.1%3B%2B__utmz%3D103110173.1485370603.1.1.utmcsr%3D(direct)%7Cutmccn%3D(direct)%7Cutmcmd%3D(none)%3B&utmjid=&utmu=qAAAAAAAAAAAAAAAAAAAAAAE~,utmcc,__utma%3D103110173.2073395333.1485370603.1485370603.1485370603.1%3B%2B__utmz%3D103110173.1485370603.1.1.utmcsr%3D(direct)%7Cutmccn%3D(direct)%7Cutmcmd%3D(none)%3B
https://www.labanquepostale.fr/portail.professionnels.html,GA,https://ssl.google-analytics.com/__utm.gif?utmwv=5.6.7&utms=3&utmn=355174790&utmhn=www.labanquepostale.fr&utmcs=UTF-8&utmsr=1024x768&utmvp=1920x1080&utmsc=32-bit&utmul=en-us&utmje=0&utmfl=-&utmdt=Banque%20-%20banque%20en%20ligne%20-%20La%20Banque%20Postale%20%E2%80%93%20La%20Banque%20Postale&utmhid=1898077735&utmr=-&utmp=%2Fportail.professionnels.html&utmht=1485370607286&utmac=UA-9562247-1&utmcc=__utma%3D103110173.2073395333.1485370603.1485370603.1485370603.1%3B%2B__utmz%3D103110173.1485370603.1.1.utmcsr%3D(direct)%7Cutmccn%3D(direct)%7Cutmcmd%3D(none)%3B&utmjid=&utmu=qAAAAAAAAAAAAAAAAAAAAAAE~,utmjid,
https://www.labanquepostale.fr/portail.professionnels.html,GA,https://ssl.google-analytics.com/__utm.gif?utmwv=5.6.7&utms=3&utmn=355174790&utmhn=www.labanquepostale.fr&utmcs=UTF-8&utmsr=1024x768&utmvp=1920x1080&utmsc=32-bit&utmul=en-us&utmje=0&utmfl=-&utmdt=Banque%20-%20banque%20en%20ligne%20-%20La%20Banque%20Postale%20%E2%80%93%20La%20Banque%20Postale&utmhid=1898077735&utmr=-&utmp=%2Fportail.professionnels.html&utmht=1485370607286&utmac=UA-9562247-1&utmcc=__utma%3D103110173.2073395333.1485370603.1485370603.1485370603.1%3B%2B__utmz%3D103110173.1485370603.1.1.utmcsr%3D(direct)%7Cutmccn%3D(direct)%7Cutmcmd%3D(none)%3B&utmjid=&utmu=qAAAAAAAAAAAAAAAAAAAAAAE~,utmu,qAAAAAAAAAAAAAAAAAAAAAAE~
https://www.labanquepostale.fr/portail.professionnels.html,1000mercis,https://mmtro.com/p?tagid=6545227-27ab63cf40b61ceb2e41f503aeaf4393&vck=1&r1=fb67750d-2591-41ab-880a-d84d40021cd3&vruid=fb67750d-2591-41ab-880a-d84d40021cd3&rtgxiti_xtpage=particuliers%3A%3Aaccueil_PROFESSIONNELS&u=https%3A%2F%2Fwww.labanquepostale.fr%2Fportail.professionnels.html&rnd=80082406,tagid,6545227-27ab63cf40b61ceb2e41f503aeaf4393
https://www.labanquepostale.fr/portail.professionnels.html,1000mercis,https://mmtro.com/p?tagid=6545227-27ab63cf40b61ceb2e41f503aeaf4393&vck=1&r1=fb67750d-2591-41ab-880a-d84d40021cd3&vruid=fb67750d-2591-41ab-880a-d84d40021cd3&rtgxiti_xtpage=particuliers%3A%3Aaccueil_PROFESSIONNELS&u=https%3A%2F%2Fwww.labanquepostale.fr%2Fportail.professionnels.html&rnd=80082406,vck,1
https://www.labanquepostale.fr/portail.professionnels.html,1000mercis,https://mmtro.com/p?tagid=6545227-27ab63cf40b61ceb2e41f503aeaf4393&vck=1&r1=fb67750d-2591-41ab-880a-d84d40021cd3&vruid=fb67750d-2591-41ab-880a-d84d40021cd3&rtgxiti_xtpage=particuliers%3A%3Aaccueil_PROFESSIONNELS&u=https%3A%2F%2Fwww.labanquepostale.fr%2Fportail.professionnels.html&rnd=80082406,r1,fb67750d-2591-41ab-880a-d84d40021cd3
https://www.labanquepostale.fr/portail.professionnels.html,1000mercis,https://mmtro.com/p?tagid=6545227-27ab63cf40b61ceb2e41f503aeaf4393&vck=1&r1=fb67750d-2591-41ab-880a-d84d40021cd3&vruid=fb67750d-2591-41ab-880a-d84d40021cd3&rtgxiti_xtpage=particuliers%3A%3Aaccueil_PROFESSIONNELS&u=https%3A%2F%2Fwww.labanquepostale.fr%2Fportail.professionnels.html&rnd=80082406,vruid,fb67750d-2591-41ab-880a-d84d40021cd3
https://www.labanquepostale.fr/portail.professionnels.html,1000mercis,https://mmtro.com/p?tagid=6545227-27ab63cf40b61ceb2e41f503aeaf4393&vck=1&r1=fb67750d-2591-41ab-880a-d84d40021cd3&vruid=fb67750d-2591-41ab-880a-d84d40021cd3&rtgxiti_xtpage=particuliers%3A%3Aaccueil_PROFESSIONNELS&u=https%3A%2F%2Fwww.labanquepostale.fr%2Fportail.professionnels.html&rnd=80082406,rtgxiti_xtpage,particuliers%3A%3Aaccueil_PROFESSIONNELS
https://www.labanquepostale.fr/portail.professionnels.html,1000mercis,https://mmtro.com/p?tagid=6545227-27ab63cf40b61ceb2e41f503aeaf4393&vck=1&r1=fb67750d-2591-41ab-880a-d84d40021cd3&vruid=fb67750d-2591-41ab-880a-d84d40021cd3&rtgxiti_xtpage=particuliers%3A%3Aaccueil_PROFESSIONNELS&u=https%3A%2F%2Fwww.labanquepostale.fr%2Fportail.professionnels.html&rnd=80082406,u,https%3A%2F%2Fwww.labanquepostale.fr%2Fportail.professionnels.html
https://www.labanquepostale.fr/portail.professionnels.html,1000mercis,https://mmtro.com/p?tagid=6545227-27ab63cf40b61ceb2e41f503aeaf4393&vck=1&r1=fb67750d-2591-41ab-880a-d84d40021cd3&vruid=fb67750d-2591-41ab-880a-d84d40021cd3&rtgxiti_xtpage=particuliers%3A%3Aaccueil_PROFESSIONNELS&u=https%3A%2F%2Fwww.labanquepostale.fr%2Fportail.professionnels.html&rnd=80082406,rnd,80082406
https://www.labanquepostale.fr/portail.assomutuelles.html,Xiti,https://logs.xiti.com/hit.xiti?s=388889&idclient=170025195642193505&s2=1&p=particuliers::accueil_ASSOCIATIONS%20ET%20MUTUELLES&hl=19x56x49&ac=&an=&lng=en-US&idp=1956494695733&jv=0&re=1920x1080&vtag=44007&hl=19x56x49&r=1024x768x32x32&ref=,s,388889
https://www.labanquepostale.fr/portail.assomutuelles.html,Xiti,https://logs.xiti.com/hit.xiti?s=388889&idclient=170025195642193505&s2=1&p=particuliers::accueil_ASSOCIATIONS%20ET%20MUTUELLES&hl=19x56x49&ac=&an=&lng=en-US&idp=1956494695733&jv=0&re=1920x1080&vtag=44007&hl=19x56x49&r=1024x768x32x32&ref=,idclient,170025195642193505
https://www.labanquepostale.fr/portail.assomutuelles.html,Xiti,https://logs.xiti.com/hit.xiti?s=388889&idclient=170025195642193505&s2=1&p=particuliers::accueil_ASSOCIATIONS%20ET%20MUTUELLES&hl=19x56x49&ac=&an=&lng=en-US&idp=1956494695733&jv=0&re=1920x1080&vtag=44007&hl=19x56x49&r=1024x768x32x32&ref=,s2,1
https://www.labanquepostale.fr/portail.assomutuelles.html,Xiti,https://logs.xiti.com/hit.xiti?s=388889&idclient=170025195642193505&s2=1&p=particuliers::accueil_ASSOCIATIONS%20ET%20MUTUELLES&hl=19x56x49&ac=&an=&lng=en-US&idp=1956494695733&jv=0&re=1920x1080&vtag=44007&hl=19x56x49&r=1024x768x32x32&ref=,p,particuliers::accueil_ASSOCIATIONS%20ET%20MUTUELLES
https://www.labanquepostale.fr/portail.assomutuelles.html,Xiti,https://logs.xiti.com/hit.xiti?s=388889&idclient=170025195642193505&s2=1&p=particuliers::accueil_ASSOCIATIONS%20ET%20MUTUELLES&hl=19x56x49&ac=&an=&lng=en-US&idp=1956494695733&jv=0&re=1920x1080&vtag=44007&hl=19x56x49&r=1024x768x32x32&ref=,hl,19x56x49
https://www.labanquepostale.fr/portail.assomutuelles.html,Xiti,https://logs.xiti.com/hit.xiti?s=388889&idclient=170025195642193505&s2=1&p=particuliers::accueil_ASSOCIATIONS%20ET%20MUTUELLES&hl=19x56x49&ac=&an=&lng=en-US&idp=1956494695733&jv=0&re=1920x1080&vtag=44007&hl=19x56x49&r=1024x768x32x32&ref=,ac,
https://www.labanquepostale.fr/portail.assomutuelles.html,Xiti,https://logs.xiti.com/hit.xiti?s=388889&idclient=170025195642193505&s2=1&p=particuliers::accueil_ASSOCIATIONS%20ET%20MUTUELLES&hl=19x56x49&ac=&an=&lng=en-US&idp=1956494695733&jv=0&re=1920x1080&vtag=44007&hl=19x56x49&r=1024x768x32x32&ref=,an,
https://www.labanquepostale.fr/portail.assomutuelles.html,Xiti,https://logs.xiti.com/hit.xiti?s=388889&idclient=170025195642193505&s2=1&p=particuliers::accueil_ASSOCIATIONS%20ET%20MUTUELLES&hl=19x56x49&ac=&an=&lng=en-US&idp=1956494695733&jv=0&re=1920x1080&vtag=44007&hl=19x56x49&r=1024x768x32x32&ref=,lng,en-US
https://www.labanquepostale.fr/portail.assomutuelles.html,Xiti,https://logs.xiti.com/hit.xiti?s=388889&idclient=170025195642193505&s2=1&p=particuliers::accueil_ASSOCIATIONS%20ET%20MUTUELLES&hl=19x56x49&ac=&an=&lng=en-US&idp=1956494695733&jv=0&re=1920x1080&vtag=44007&hl=19x56x49&r=1024x768x32x32&ref=,idp,1956494695733
https://www.labanquepostale.fr/portail.assomutuelles.html,Xiti,https://logs.xiti.com/hit.xiti?s=388889&idclient=170025195642193505&s2=1&p=particuliers::accueil_ASSOCIATIONS%20ET%20MUTUELLES&hl=19x56x49&ac=&an=&lng=en-US&idp=1956494695733&jv=0&re=1920x1080&vtag=44007&hl=19x56x49&r=1024x768x32x32&ref=,jv,0
https://www.labanquepostale.fr/portail.assomutuelles.html,Xiti,https://logs.xiti.com/hit.xiti?s=388889&idclient=170025195642193505&s2=1&p=particuliers::accueil_ASSOCIATIONS%20ET%20MUTUELLES&hl=19x56x49&ac=&an=&lng=en-US&idp=1956494695733&jv=0&re=1920x1080&vtag=44007&hl=19x56x49&r=1024x768x32x32&ref=,re,1920x1080
https://www.labanquepostale.fr/portail.assomutuelles.html,Xiti,https://logs.xiti.com/hit.xiti?s=388889&idclient=170025195642193505&s2=1&p=particuliers::accueil_ASSOCIATIONS%20ET%20MUTUELLES&hl=19x56x49&ac=&an=&lng=en-US&idp=1956494695733&jv=0&re=1920x1080&vtag=44007&hl=19x56x49&r=1024x768x32x32&ref=,vtag,44007
https://www.labanquepostale.fr/portail.assomutuelles.html,Xiti,https://logs.xiti.com/hit.xiti?s=388889&idclient=170025195642193505&s2=1&p=particuliers::accueil_ASSOCIATIONS%20ET%20MUTUELLES&hl=19x56x49&ac=&an=&lng=en-US&idp=1956494695733&jv=0&re=1920x1080&vtag=44007&hl=19x56x49&r=1024x768x32x32&ref=,r,1024x768x32x32
https://www.labanquepostale.fr/portail.assomutuelles.html,Xiti,https://logs.xiti.com/hit.xiti?s=388889&idclient=170025195642193505&s2=1&p=particuliers::accueil_ASSOCIATIONS%20ET%20MUTUELLES&hl=19x56x49&ac=&an=&lng=en-US&idp=1956494695733&jv=0&re=1920x1080&vtag=44007&hl=19x56x49&r=1024x768x32x32&ref=,ref,
https://www.labanquepostale.fr/portail.assomutuelles.html,GA,https://ssl.google-analytics.com/__utm.gif?utmwv=5.6.7&utms=4&utmn=1916063367&utmhn=www.labanquepostale.fr&utmcs=UTF-8&utmsr=1024x768&utmvp=1920x1080&utmsc=32-bit&utmul=en-us&utmje=0&utmfl=-&utmdt=Banque%20-%20banque%20en%20ligne%20-%20La%20Banque%20Postale%20%E2%80%93%20La%20Banque%20Postale&utmhid=990118782&utmr=-&utmp=%2Fportail.assomutuelles.html&utmht=1485370609432&utmac=UA-9562247-1&utmcc=__utma%3D103110173.2073395333.1485370603.1485370603.1485370603.1%3B%2B__utmz%3D103110173.1485370603.1.1.utmcsr%3D(direct)%7Cutmccn%3D(direct)%7Cutmcmd%3D(none)%3B&utmjid=&utmu=qAAAAAAAAAAAAAAAAAAAAAAE~,utmwv,5.6.7
https://www.labanquepostale.fr/portail.assomutuelles.html,GA,https://ssl.google-analytics.com/__utm.gif?utmwv=5.6.7&utms=4&utmn=1916063367&utmhn=www.labanquepostale.fr&utmcs=UTF-8&utmsr=1024x768&utmvp=1920x1080&utmsc=32-bit&utmul=en-us&utmje=0&utmfl=-&utmdt=Banque%20-%20banque%20en%20ligne%20-%20La%20Banque%20Postale%20%E2%80%93%20La%20Banque%20Postale&utmhid=990118782&utmr=-&utmp=%2Fportail.assomutuelles.html&utmht=1485370609432&utmac=UA-9562247-1&utmcc=__utma%3D103110173.2073395333.1485370603.1485370603.1485370603.1%3B%2B__utmz%3D103110173.1485370603.1.1.utmcsr%3D(direct)%7Cutmccn%3D(direct)%7Cutmcmd%3D(none)%3B&utmjid=&utmu=qAAAAAAAAAAAAAAAAAAAAAAE~,utms,4
https://www.labanquepostale.fr/portail.assomutuelles.html,GA,https://ssl.google-analytics.com/__utm.gif?utmwv=5.6.7&utms=4&utmn=1916063367&utmhn=www.labanquepostale.fr&utmcs=UTF-8&utmsr=1024x768&utmvp=1920x1080&utmsc=32-bit&utmul=en-us&utmje=0&utmfl=-&utmdt=Banque%20-%20banque%20en%20ligne%20-%20La%20Banque%20Postale%20%E2%80%93%20La%20Banque%20Postale&utmhid=990118782&utmr=-&utmp=%2Fportail.assomutuelles.html&utmht=1485370609432&utmac=UA-9562247-1&utmcc=__utma%3D103110173.2073395333.1485370603.1485370603.1485370603.1%3B%2B__utmz%3D103110173.1485370603.1.1.utmcsr%3D(direct)%7Cutmccn%3D(direct)%7Cutmcmd%3D(none)%3B&utmjid=&utmu=qAAAAAAAAAAAAAAAAAAAAAAE~,utmn,1916063367
https://www.labanquepostale.fr/portail.assomutuelles.html,GA,https://ssl.google-analytics.com/__utm.gif?utmwv=5.6.7&utms=4&utmn=1916063367&utmhn=www.labanquepostale.fr&utmcs=UTF-8&utmsr=1024x768&utmvp=1920x1080&utmsc=32-bit&utmul=en-us&utmje=0&utmfl=-&utmdt=Banque%20-%20banque%20en%20ligne%20-%20La%20Banque%20Postale%20%E2%80%93%20La%20Banque%20Postale&utmhid=990118782&utmr=-&utmp=%2Fportail.assomutuelles.html&utmht=1485370609432&utmac=UA-9562247-1&utmcc=__utma%3D103110173.2073395333.1485370603.1485370603.1485370603.1%3B%2B__utmz%3D103110173.1485370603.1.1.utmcsr%3D(direct)%7Cutmccn%3D(direct)%7Cutmcmd%3D(none)%3B&utmjid=&utmu=qAAAAAAAAAAAAAAAAAAAAAAE~,utmhn,www.labanquepostale.fr
https://www.labanquepostale.fr/portail.assomutuelles.html,GA,https://ssl.google-analytics.com/__utm.gif?utmwv=5.6.7&utms=4&utmn=1916063367&utmhn=www.labanquepostale.fr&utmcs=UTF-8&utmsr=1024x768&utmvp=1920x1080&utmsc=32-bit&utmul=en-us&utmje=0&utmfl=-&utmdt=Banque%20-%20banque%20en%20ligne%20-%20La%20Banque%20Postale%20%E2%80%93%20La%20Banque%20Postale&utmhid=990118782&utmr=-&utmp=%2Fportail.assomutuelles.html&utmht=1485370609432&utmac=UA-9562247-1&utmcc=__utma%3D103110173.2073395333.1485370603.1485370603.1485370603.1%3B%2B__utmz%3D103110173.1485370603.1.1.utmcsr%3D(direct)%7Cutmccn%3D(direct)%7Cutmcmd%3D(none)%3B&utmjid=&utmu=qAAAAAAAAAAAAAAAAAAAAAAE~,utmcs,UTF-8
https://www.labanquepostale.fr/portail.assomutuelles.html,GA,https://ssl.google-analytics.com/__utm.gif?utmwv=5.6.7&utms=4&utmn=1916063367&utmhn=www.labanquepostale.fr&utmcs=UTF-8&utmsr=1024x768&utmvp=1920x1080&utmsc=32-bit&utmul=en-us&utmje=0&utmfl=-&utmdt=Banque%20-%20banque%20en%20ligne%20-%20La%20Banque%20Postale%20%E2%80%93%20La%20Banque%20Postale&utmhid=990118782&utmr=-&utmp=%2Fportail.assomutuelles.html&utmht=1485370609432&utmac=UA-9562247-1&utmcc=__utma%3D103110173.2073395333.1485370603.1485370603.1485370603.1%3B%2B__utmz%3D103110173.1485370603.1.1.utmcsr%3D(direct)%7Cutmccn%3D(direct)%7Cutmcmd%3D(none)%3B&utmjid=&utmu=qAAAAAAAAAAAAAAAAAAAAAAE~,utmsr,1024x768
https://www.labanquepostale.fr/portail.assomutuelles.html,GA,https://ssl.google-analytics.com/__utm.gif?utmwv=5.6.7&utms=4&utmn=1916063367&utmhn=www.labanquepostale.fr&utmcs=UTF-8&utmsr=1024x768&utmvp=1920x1080&utmsc=32-bit&utmul=en-us&utmje=0&utmfl=-&utmdt=Banque%20-%20banque%20en%20ligne%20-%20La%20Banque%20Postale%20%E2%80%93%20La%20Banque%20Postale&utmhid=990118782&utmr=-&utmp=%2Fportail.assomutuelles.html&utmht=1485370609432&utmac=UA-9562247-1&utmcc=__utma%3D103110173.2073395333.1485370603.1485370603.1485370603.1%3B%2B__utmz%3D103110173.1485370603.1.1.utmcsr%3D(direct)%7Cutmccn%3D(direct)%7Cutmcmd%3D(none)%3B&utmjid=&utmu=qAAAAAAAAAAAAAAAAAAAAAAE~,utmvp,1920x1080
https://www.labanquepostale.fr/portail.assomutuelles.html,GA,https://ssl.google-analytics.com/__utm.gif?utmwv=5.6.7&utms=4&utmn=1916063367&utmhn=www.labanquepostale.fr&utmcs=UTF-8&utmsr=1024x768&utmvp=1920x1080&utmsc=32-bit&utmul=en-us&utmje=0&utmfl=-&utmdt=Banque%20-%20banque%20en%20ligne%20-%20La%20Banque%20Postale%20%E2%80%93%20La%20Banque%20Postale&utmhid=990118782&utmr=-&utmp=%2Fportail.assomutuelles.html&utmht=1485370609432&utmac=UA-9562247-1&utmcc=__utma%3D103110173.2073395333.1485370603.1485370603.1485370603.1%3B%2B__utmz%3D103110173.1485370603.1.1.utmcsr%3D(direct)%7Cutmccn%3D(direct)%7Cutmcmd%3D(none)%3B&utmjid=&utmu=qAAAAAAAAAAAAAAAAAAAAAAE~,utmsc,32-bit
https://www.labanquepostale.fr/portail.assomutuelles.html,GA,https://ssl.google-analytics.com/__utm.gif?utmwv=5.6.7&utms=4&utmn=1916063367&utmhn=www.labanquepostale.fr&utmcs=UTF-8&utmsr=1024x768&utmvp=1920x1080&utmsc=32-bit&utmul=en-us&utmje=0&utmfl=-&utmdt=Banque%20-%20banque%20en%20ligne%20-%20La%20Banque%20Postale%20%E2%80%93%20La%20Banque%20Postale&utmhid=990118782&utmr=-&utmp=%2Fportail.assomutuelles.html&utmht=1485370609432&utmac=UA-9562247-1&utmcc=__utma%3D103110173.2073395333.1485370603.1485370603.1485370603.1%3B%2B__utmz%3D103110173.1485370603.1.1.utmcsr%3D(direct)%7Cutmccn%3D(direct)%7Cutmcmd%3D(none)%3B&utmjid=&utmu=qAAAAAAAAAAAAAAAAAAAAAAE~,utmul,en-us
https://www.labanquepostale.fr/portail.assomutuelles.html,GA,https://ssl.google-analytics.com/__utm.gif?utmwv=5.6.7&utms=4&utmn=1916063367&utmhn=www.labanquepostale.fr&utmcs=UTF-8&utmsr=1024x768&utmvp=1920x1080&utmsc=32-bit&utmul=en-us&utmje=0&utmfl=-&utmdt=Banque%20-%20banque%20en%20ligne%20-%20La%20Banque%20Postale%20%E2%80%93%20La%20Banque%20Postale&utmhid=990118782&utmr=-&utmp=%2Fportail.assomutuelles.html&utmht=1485370609432&utmac=UA-9562247-1&utmcc=__utma%3D103110173.2073395333.1485370603.1485370603.1485370603.1%3B%2B__utmz%3D103110173.1485370603.1.1.utmcsr%3D(direct)%7Cutmccn%3D(direct)%7Cutmcmd%3D(none)%3B&utmjid=&utmu=qAAAAAAAAAAAAAAAAAAAAAAE~,utmje,0
https://www.labanquepostale.fr/portail.assomutuelles.html,GA,https://ssl.google-analytics.com/__utm.gif?utmwv=5.6.7&utms=4&utmn=1916063367&utmhn=www.labanquepostale.fr&utmcs=UTF-8&utmsr=1024x768&utmvp=1920x1080&utmsc=32-bit&utmul=en-us&utmje=0&utmfl=-&utmdt=Banque%20-%20banque%20en%20ligne%20-%20La%20Banque%20Postale%20%E2%80%93%20La%20Banque%20Postale&utmhid=990118782&utmr=-&utmp=%2Fportail.assomutuelles.html&utmht=1485370609432&utmac=UA-9562247-1&utmcc=__utma%3D103110173.2073395333.1485370603.1485370603.1485370603.1%3B%2B__utmz%3D103110173.1485370603.1.1.utmcsr%3D(direct)%7Cutmccn%3D(direct)%7Cutmcmd%3D(none)%3B&utmjid=&utmu=qAAAAAAAAAAAAAAAAAAAAAAE~,utmfl,-
https://www.labanquepostale.fr/portail.assomutuelles.html,GA,https://ssl.google-analytics.com/__utm.gif?utmwv=5.6.7&utms=4&utmn=1916063367&utmhn=www.labanquepostale.fr&utmcs=UTF-8&utmsr=1024x768&utmvp=1920x1080&utmsc=32-bit&utmul=en-us&utmje=0&utmfl=-&utmdt=Banque%20-%20banque%20en%20ligne%20-%20La%20Banque%20Postale%20%E2%80%93%20La%20Banque%20Postale&utmhid=990118782&utmr=-&utmp=%2Fportail.assomutuelles.html&utmht=1485370609432&utmac=UA-9562247-1&utmcc=__utma%3D103110173.2073395333.1485370603.1485370603.1485370603.1%3B%2B__utmz%3D103110173.1485370603.1.1.utmcsr%3D(direct)%7Cutmccn%3D(direct)%7Cutmcmd%3D(none)%3B&utmjid=&utmu=qAAAAAAAAAAAAAAAAAAAAAAE~,utmdt,Banque%20-%20banque%20en%20ligne%20-%20La%20Banque%20Postale%20%E2%80%93%20La%20Banque%20Postale
https://www.labanquepostale.fr/portail.assomutuelles.html,GA,https://ssl.google-analytics.com/__utm.gif?utmwv=5.6.7&utms=4&utmn=1916063367&utmhn=www.labanquepostale.fr&utmcs=UTF-8&utmsr=1024x768&utmvp=1920x1080&utmsc=32-bit&utmul=en-us&utmje=0&utmfl=-&utmdt=Banque%20-%20banque%20en%20ligne%20-%20La%20Banque%20Postale%20%E2%80%93%20La%20Banque%20Postale&utmhid=990118782&utmr=-&utmp=%2Fportail.assomutuelles.html&utmht=1485370609432&utmac=UA-9562247-1&utmcc=__utma%3D103110173.2073395333.1485370603.1485370603.1485370603.1%3B%2B__utmz%3D103110173.1485370603.1.1.utmcsr%3D(direct)%7Cutmccn%3D(direct)%7Cutmcmd%3D(none)%3B&utmjid=&utmu=qAAAAAAAAAAAAAAAAAAAAAAE~,utmhid,990118782
https://www.labanquepostale.fr/portail.assomutuelles.html,GA,https://ssl.google-analytics.com/__utm.gif?utmwv=5.6.7&utms=4&utmn=1916063367&utmhn=www.labanquepostale.fr&utmcs=UTF-8&utmsr=1024x768&utmvp=1920x1080&utmsc=32-bit&utmul=en-us&utmje=0&utmfl=-&utmdt=Banque%20-%20banque%20en%20ligne%20-%20La%20Banque%20Postale%20%E2%80%93%20La%20Banque%20Postale&utmhid=990118782&utmr=-&utmp=%2Fportail.assomutuelles.html&utmht=1485370609432&utmac=UA-9562247-1&utmcc=__utma%3D103110173.2073395333.1485370603.1485370603.1485370603.1%3B%2B__utmz%3D103110173.1485370603.1.1.utmcsr%3D(direct)%7Cutmccn%3D(direct)%7Cutmcmd%3D(none)%3B&utmjid=&utmu=qAAAAAAAAAAAAAAAAAAAAAAE~,utmr,-
https://www.labanquepostale.fr/portail.assomutuelles.html,GA,https://ssl.google-analytics.com/__utm.gif?utmwv=5.6.7&utms=4&utmn=1916063367&utmhn=www.labanquepostale.fr&utmcs=UTF-8&utmsr=1024x768&utmvp=1920x1080&utmsc=32-bit&utmul=en-us&utmje=0&utmfl=-&utmdt=Banque%20-%20banque%20en%20ligne%20-%20La%20Banque%20Postale%20%E2%80%93%20La%20Banque%20Postale&utmhid=990118782&utmr=-&utmp=%2Fportail.assomutuelles.html&utmht=1485370609432&utmac=UA-9562247-1&utmcc=__utma%3D103110173.2073395333.1485370603.1485370603.1485370603.1%3B%2B__utmz%3D103110173.1485370603.1.1.utmcsr%3D(direct)%7Cutmccn%3D(direct)%7Cutmcmd%3D(none)%3B&utmjid=&utmu=qAAAAAAAAAAAAAAAAAAAAAAE~,utmp,%2Fportail.assomutuelles.html
https://www.labanquepostale.fr/portail.assomutuelles.html,GA,https://ssl.google-analytics.com/__utm.gif?utmwv=5.6.7&utms=4&utmn=1916063367&utmhn=www.labanquepostale.fr&utmcs=UTF-8&utmsr=1024x768&utmvp=1920x1080&utmsc=32-bit&utmul=en-us&utmje=0&utmfl=-&utmdt=Banque%20-%20banque%20en%20ligne%20-%20La%20Banque%20Postale%20%E2%80%93%20La%20Banque%20Postale&utmhid=990118782&utmr=-&utmp=%2Fportail.assomutuelles.html&utmht=1485370609432&utmac=UA-9562247-1&utmcc=__utma%3D103110173.2073395333.1485370603.1485370603.1485370603.1%3B%2B__utmz%3D103110173.1485370603.1.1.utmcsr%3D(direct)%7Cutmccn%3D(direct)%7Cutmcmd%3D(none)%3B&utmjid=&utmu=qAAAAAAAAAAAAAAAAAAAAAAE~,utmht,1485370609432
https://www.labanquepostale.fr/portail.assomutuelles.html,GA,https://ssl.google-analytics.com/__utm.gif?utmwv=5.6.7&utms=4&utmn=1916063367&utmhn=www.labanquepostale.fr&utmcs=UTF-8&utmsr=1024x768&utmvp=1920x1080&utmsc=32-bit&utmul=en-us&utmje=0&utmfl=-&utmdt=Banque%20-%20banque%20en%20ligne%20-%20La%20Banque%20Postale%20%E2%80%93%20La%20Banque%20Postale&utmhid=990118782&utmr=-&utmp=%2Fportail.assomutuelles.html&utmht=1485370609432&utmac=UA-9562247-1&utmcc=__utma%3D103110173.2073395333.1485370603.1485370603.1485370603.1%3B%2B__utmz%3D103110173.1485370603.1.1.utmcsr%3D(direct)%7Cutmccn%3D(direct)%7Cutmcmd%3D(none)%3B&utmjid=&utmu=qAAAAAAAAAAAAAAAAAAAAAAE~,utmac,UA-9562247-1
https://www.labanquepostale.fr/portail.assomutuelles.html,GA,https://ssl.google-analytics.com/__utm.gif?utmwv=5.6.7&utms=4&utmn=1916063367&utmhn=www.labanquepostale.fr&utmcs=UTF-8&utmsr=1024x768&utmvp=1920x1080&utmsc=32-bit&utmul=en-us&utmje=0&utmfl=-&utmdt=Banque%20-%20banque%20en%20ligne%20-%20La%20Banque%20Postale%20%E2%80%93%20La%20Banque%20Postale&utmhid=990118782&utmr=-&utmp=%2Fportail.assomutuelles.html&utmht=1485370609432&utmac=UA-9562247-1&utmcc=__utma%3D103110173.2073395333.1485370603.1485370603.1485370603.1%3B%2B__utmz%3D103110173.1485370603.1.1.utmcsr%3D(direct)%7Cutmccn%3D(direct)%7Cutmcmd%3D(none)%3B&utmjid=&utmu=qAAAAAAAAAAAAAAAAAAAAAAE~,utmcc,__utma%3D103110173.2073395333.1485370603.1485370603.1485370603.1%3B%2B__utmz%3D103110173.1485370603.1.1.utmcsr%3D(direct)%7Cutmccn%3D(direct)%7Cutmcmd%3D(none)%3B
https://www.labanquepostale.fr/portail.assomutuelles.html,GA,https://ssl.google-analytics.com/__utm.gif?utmwv=5.6.7&utms=4&utmn=1916063367&utmhn=www.labanquepostale.fr&utmcs=UTF-8&utmsr=1024x768&utmvp=1920x1080&utmsc=32-bit&utmul=en-us&utmje=0&utmfl=-&utmdt=Banque%20-%20banque%20en%20ligne%20-%20La%20Banque%20Postale%20%E2%80%93%20La%20Banque%20Postale&utmhid=990118782&utmr=-&utmp=%2Fportail.assomutuelles.html&utmht=1485370609432&utmac=UA-9562247-1&utmcc=__utma%3D103110173.2073395333.1485370603.1485370603.1485370603.1%3B%2B__utmz%3D103110173.1485370603.1.1.utmcsr%3D(direct)%7Cutmccn%3D(direct)%7Cutmcmd%3D(none)%3B&utmjid=&utmu=qAAAAAAAAAAAAAAAAAAAAAAE~,utmjid,
https://www.labanquepostale.fr/portail.assomutuelles.html,GA,https://ssl.google-analytics.com/__utm.gif?utmwv=5.6.7&utms=4&utmn=1916063367&utmhn=www.labanquepostale.fr&utmcs=UTF-8&utmsr=1024x768&utmvp=1920x1080&utmsc=32-bit&utmul=en-us&utmje=0&utmfl=-&utmdt=Banque%20-%20banque%20en%20ligne%20-%20La%20Banque%20Postale%20%E2%80%93%20La%20Banque%20Postale&utmhid=990118782&utmr=-&utmp=%2Fportail.assomutuelles.html&utmht=1485370609432&utmac=UA-9562247-1&utmcc=__utma%3D103110173.2073395333.1485370603.1485370603.1485370603.1%3B%2B__utmz%3D103110173.1485370603.1.1.utmcsr%3D(direct)%7Cutmccn%3D(direct)%7Cutmcmd%3D(none)%3B&utmjid=&utmu=qAAAAAAAAAAAAAAAAAAAAAAE~,utmu,qAAAAAAAAAAAAAAAAAAAAAAE~
https://www.labanquepostale.fr/portail.assomutuelles.html,1000mercis,https://mmtro.com/p?tagid=6545227-27ab63cf40b61ceb2e41f503aeaf4393&vck=1&r1=fb67750d-2591-41ab-880a-d84d40021cd3&vruid=fb67750d-2591-41ab-880a-d84d40021cd3&rtgxiti_xtpage=particuliers%3A%3Aaccueil_ASSOCIATIONS%20ET%20MUTUELLES&u=https%3A%2F%2Fwww.labanquepostale.fr%2Fportail.assomutuelles.html&rnd=1255399559,tagid,6545227-27ab63cf40b61ceb2e41f503aeaf4393
https://www.labanquepostale.fr/portail.assomutuelles.html,1000mercis,https://mmtro.com/p?tagid=6545227-27ab63cf40b61ceb2e41f503aeaf4393&vck=1&r1=fb67750d-2591-41ab-880a-d84d40021cd3&vruid=fb67750d-2591-41ab-880a-d84d40021cd3&rtgxiti_xtpage=particuliers%3A%3Aaccueil_ASSOCIATIONS%20ET%20MUTUELLES&u=https%3A%2F%2Fwww.labanquepostale.fr%2Fportail.assomutuelles.html&rnd=1255399559,vck,1
https://www.labanquepostale.fr/portail.assomutuelles.html,1000mercis,https://mmtro.com/p?tagid=6545227-27ab63cf40b61ceb2e41f503aeaf4393&vck=1&r1=fb67750d-2591-41ab-880a-d84d40021cd3&vruid=fb67750d-2591-41ab-880a-d84d40021cd3&rtgxiti_xtpage=particuliers%3A%3Aaccueil_ASSOCIATIONS%20ET%20MUTUELLES&u=https%3A%2F%2Fwww.labanquepostale.fr%2Fportail.assomutuelles.html&rnd=1255399559,r1,fb67750d-2591-41ab-880a-d84d40021cd3
https://www.labanquepostale.fr/portail.assomutuelles.html,1000mercis,https://mmtro.com/p?tagid=6545227-27ab63cf40b61ceb2e41f503aeaf4393&vck=1&r1=fb67750d-2591-41ab-880a-d84d40021cd3&vruid=fb67750d-2591-41ab-880a-d84d40021cd3&rtgxiti_xtpage=particuliers%3A%3Aaccueil_ASSOCIATIONS%20ET%20MUTUELLES&u=https%3A%2F%2Fwww.labanquepostale.fr%2Fportail.assomutuelles.html&rnd=1255399559,vruid,fb67750d-2591-41ab-880a-d84d40021cd3
https://www.labanquepostale.fr/portail.assomutuelles.html,1000mercis,https://mmtro.com/p?tagid=6545227-27ab63cf40b61ceb2e41f503aeaf4393&vck=1&r1=fb67750d-2591-41ab-880a-d84d40021cd3&vruid=fb67750d-2591-41ab-880a-d84d40021cd3&rtgxiti_xtpage=particuliers%3A%3Aaccueil_ASSOCIATIONS%20ET%20MUTUELLES&u=https%3A%2F%2Fwww.labanquepostale.fr%2Fportail.assomutuelles.html&rnd=1255399559,rtgxiti_xtpage,particuliers%3A%3Aaccueil_ASSOCIATIONS%20ET%20MUTUELLES
https://www.labanquepostale.fr/portail.assomutuelles.html,1000mercis,https://mmtro.com/p?tagid=6545227-27ab63cf40b61ceb2e41f503aeaf4393&vck=1&r1=fb67750d-2591-41ab-880a-d84d40021cd3&vruid=fb67750d-2591-41ab-880a-d84d40021cd3&rtgxiti_xtpage=particuliers%3A%3Aaccueil_ASSOCIATIONS%20ET%20MUTUELLES&u=https%3A%2F%2Fwww.labanquepostale.fr%2Fportail.assomutuelles.html&rnd=1255399559,u,https%3A%2F%2Fwww.labanquepostale.fr%2Fportail.assomutuelles.html
https://www.labanquepostale.fr/portail.assomutuelles.html,1000mercis,https://mmtro.com/p?tagid=6545227-27ab63cf40b61ceb2e41f503aeaf4393&vck=1&r1=fb67750d-2591-41ab-880a-d84d40021cd3&vruid=fb67750d-2591-41ab-880a-d84d40021cd3&rtgxiti_xtpage=particuliers%3A%3Aaccueil_ASSOCIATIONS%20ET%20MUTUELLES&u=https%3A%2F%2Fwww.labanquepostale.fr%2Fportail.assomutuelles.html&rnd=1255399559,rnd,1255399559
